code,company,start,end,count of date points
300090,盛运环保,2019-01-30,2017-05-17,3
300104,乐视网,2019-02-14,2017-06-20,19
000601,韶能股份,2017-09-07,2017-09-07,1
603508,思维列控,2019-01-10,2019-01-10,1
300017,网宿科技,2018-01-29,2018-01-29,1
300575,中旗股份,2019-02-14,2017-12-21,2
300522,世名科技,2018-06-6,2018-06-6,1
300567,精测电子,2019-02-14,2019-02-14,1
002322,理工环科,2019-01-10,2017-07-25,3
600596,新安股份,2018-01-8,2018-01-8,1
603218,日月股份,2019-02-14,2019-02-14,1
600557,康缘药业,2017-07-06,2019-01-10,2
300716,国立科技,2019-02-14,2019-02-14,1
002395,双象股份,2017-05-23,2017-05-23,1
300502,新易盛,2019-02-14,2018-05-30,2
002856,美芝股份,2018-06-5,2018-06-5,1
300554,三超新材,2018-05-3,2018-05-3,1
600793,宜宾纸业,2019-01-22,2017-12-6,2
601113,华鼎股份,2019-02-13,2019-01-11,2
002509,天广中茂,2019-02-13,2018-03-6,6
603158,腾龙股份,2017-09-15,2017-09-15,1
600661,昂立教育,2019-02-13,2018-12-12,2
300232,洲明科技,2018-06-29,2018-01-11,3
600881,亚泰集团,2018-01-30,2018-01-30,1
601231,环旭电子,2018-03-8,2017-09-22,7
300626,华瑞股份,2018-03-23,2018-04-17,2
300653,正海生物,2019-02-13,2019-02-13,1
002094,青岛金王,2018-01-11,2018-01-11,1
600610,*ST毅达,2019-02-13,2019-02-13,1
002341,新纶科技,2018-02-28,2019-02-14,2
002531,天顺风能,2018-03-9,2018-03-9,1
000631,顺发恒业,2018-03-27,2018-03-27,1
000425,徐工机械,2018-01-31,2016-04-15,2
603517,绝味食品,2019-02-1,2018-04-27,2
300418,昆仑万维,2019-02-1,2017-07-25,2
600746,江苏索普,2018-04-11,2018-04-11,1
300618,寒锐钴业,2019-02-1,2018-04-26,3
300342,天银机电,2017-10-09,2017-10-09,1
002143,印纪传媒,2018-02-23,2017-11-17,2
300417,南华仪器,2017-03-15,2019-01-22,2
002417,深南股份,2019-02-1,2019-02-1,1
300091,金通灵,2017-09-21,2017-09-21,1
600721,百花村,2018-02-23,2018-02-23,1
300644,南京聚隆,2019-02-1,2019-02-1,1
600845,宝信软件,2019-01-10,2017-06-13,2
601872,招商轮船,2017-09-28,2019-01-22,2
601628,中国人寿,2019-01-30,2018-03-23,3
300750,宁德时代,2019-01-30,2019-01-30,1
603168,莎普爱思,2017-12-13,2017-12-21,2
300291,华录百纳,2019-01-30,2018-03-22,3
603998,方盛制药,2019-02-14,2019-02-14,1
300219,鸿利智汇,2018-05-7,2017-05-03,2
000915,山大华特,2017-07-28,2017-07-28,1
600079,人福医药,2019-01-30,2017-06-28,5
603717,天域生态,2017-12-15,2018-05-24,2
600117,西宁特钢,2019-01-30,2019-01-30,1
300400,劲拓股份,2018-04-25,2017-12-15,2
600418,江淮汽车,2018-03-21,2019-02-1,6
000918,嘉凯城,2019-01-30,2017-09-14,2
300225,金力泰,2017-05-03,2017-05-03,1
600525,长园集团,2018-05-11,2017-06-01,2
300362,天翔环境,2019-01-30,2019-01-23,2
600466,蓝光发展,2018-01-8,2018-01-8,1
000541,佛山照明,2017-11-17,2017-11-17,1
000971,高升控股,2019-01-30,2019-01-30,1
603429,集友股份,2018-03-29,2018-03-29,1
000018,神州长城,2019-01-30,2017-08-25,5
600459,贵研铂业,2017-08-24,2017-08-24,1
000760,斯太尔,2019-01-30,2017-05-23,3
600050,中国联通,2017-10-20,2018-12-20,4
002210,飞马国际,2019-01-30,2019-01-30,1
002762,金发拉比,2019-01-10,2019-01-10,1
002512,达华智能,2019-01-30,2018-01-18,4
002693,双成药业,2017-07-25,2017-07-25,1
600611,大众交通,2017-12-21,2019-02-14,2
600196,复星医药,2017-06-23,2018-05-10,4
002668,奥马电器,2017-09-14,2017-09-14,1
600385,山东金泰,2019-02-13,2018-04-25,2
002502,骅威文化,2018-12-20,2018-12-20,1
002329,皇氏集团,2019-01-30,2018-03-16,3
002248,华东数控,2019-01-30,2018-05-9,2
002070,*ST众和,2019-01-30,2017-12-21,5
002005,德豪润达,2019-01-30,2016-04-15,3
300560,中富通,2018-04-19,2017-12-14,4
600395,盘江股份,2017-08-29,2017-08-29,1
002137,麦达数字,2019-01-30,2019-01-30,1
300449,汉邦高科,2017-04-21,2017-04-21,1
002052,同洲电子,2019-01-30,2018-12-20,2
600663,陆家嘴,2017-12-19,2017-12-19,1
002178,延华智能,2019-01-30,2019-01-30,1
300448,浩云科技,2018-04-18,2019-01-17,2
300111,向日葵,2019-01-30,2018-12-13,2
002896,中大力德,2019-01-30,2019-01-30,1
300517,海波重科,2017-06-27,2017-06-27,1
002806,华锋股份,2019-01-30,2019-01-30,1
002474,榕基软件,2018-12-20,2017-11-22,2
300337,银邦股份,2019-01-23,2017-06-22,2
603029,天鹅股份,2019-01-23,2018-04-10,2
300310,宜通世纪,2017-09-20,2017-09-20,1
002783,凯龙股份,2018-01-10,2019-01-10,3
300100,双林股份,2019-01-23,2019-01-23,1
600256,广汇能源,2019-01-30,2017-10-09,2
603958,哈森股份,2019-01-23,2019-01-23,1
300029,天龙光电,2018-12-13,2018-01-8,2
300603,立昂技术,2018-03-7,2018-05-3,2
600522,中天科技,2017-10-18,2017-10-18,1
300306,远方信息,2019-01-23,2019-01-23,1
000550,江铃汽车,2019-01-23,2018-01-16,3
603929,亚翔集成,2018-03-20,2017-11-30,2
300349,金卡智能,2017-10-11,2017-10-11,1
600086,东方金钰,2019-01-23,2019-01-23,1
000995,*ST皇台,2019-01-22,2019-01-22,1
000783,长江证券,2019-01-23,2017-05-24,2
601901,方正证券,2019-01-10,2018-03-21,3
002450,ST康得新,2019-01-23,2019-01-23,1
000630,铜陵有色,2018-02-1,2018-02-1,1
603161,科华控股,2019-01-22,2019-01-22,1
000782,美达股份,2019-01-22,2018-05-17,4
600348,阳泉煤业,2018-01-30,2017-08-29,3
603363,傲农生物,2019-01-22,2019-01-22,1
002408,齐翔腾达,2019-01-22,2019-01-22,1
002665,首航节能,2018-05-29,2018-06-5,4
002733,雄韬股份,2019-01-22,2019-01-22,1
002319,乐通股份,2017-11-23,2017-12-15,2
600116,三峡水利,2017-09-14,2017-09-14,1
300471,厚普股份,2019-01-22,2018-02-24,2
002381,双箭股份,2019-01-22,2017-05-23,2
600682,南京新百,2017-11-30,2018-03-7,2
002234,民和股份,2018-06-1,2018-06-1,1
002290,中科新材,2019-01-18,2019-01-18,1
002878,元隆雅图,2019-01-18,2018-03-6,2
601882,海天精工,2017-11-30,2017-11-30,1
002671,龙泉股份,2017-12-15,2017-12-11,2
300048,合康新能,2019-01-18,2019-01-18,1
600084,中葡股份,2019-01-18,2019-01-18,1
600088,中视传媒,2017-11-29,2017-11-29,1
002045,国光电器,2017-07-28,2017-07-28,1
600273,嘉化能源,2018-04-18,2017-06-15,3
300319,麦捷科技,2019-01-17,2017-08-18,4
300443,金雷风电,2019-01-17,2019-01-17,1
002507,涪陵榨菜,2019-01-17,2017-06-02,4
601011,宝泰隆,2018-07-18,2018-07-18,1
600069,银鸽投资,2017-10-13,2017-10-13,1
600175,美都能源,2018-05-30,2018-03-8,2
603987,康德莱,2019-01-14,2019-01-14,1
600569,安阳钢铁,2017-08-10,2018-03-16,2
002102,ST冠福,2019-01-14,2019-01-14,1
600110,诺德股份,2016-04-14,2017-09-28,2
603167,渤海轮渡,2019-01-14,2017-07-11,3
603288,海天味业,2018-03-23,2018-03-23,1
601099,太平洋,2019-01-11,2018-03-8,3
300624,万兴科技,2019-01-11,2019-01-11,1
000905,厦门港务,2017-12-6,2017-12-6,1
000785,武汉中商,2019-01-11,2019-01-10,2
603678,火炬电子,2018-03-20,2018-04-17,2
300116,坚瑞沃能,2018-05-9,2018-04-17,7
300667,必创科技,2019-01-11,2018-12-14,2
601966,玲珑轮胎,2019-01-18,2019-01-18,1
603903,中持股份,2018-03-13,2018-01-10,2
002098,浔兴股份,2017-11-08,2017-11-08,1
002589,瑞康医药,2019-01-11,2018-12-13,3
600482,中国动力,2017-12-19,2017-12-19,1
603032,德新交运,2018-03-28,2018-03-28,1
603877,太平鸟,2019-01-11,2017-06-30,4
002205,国统股份,2017-09-28,2017-06-15,3
300077,国民技术,2017-11-30,2017-08-16,2
000533,万家乐,2019-01-11,2019-01-11,1
600586,金晶科技,2018-04-11,2018-04-11,1
002517,恺英网络,2018-04-25,2017-05-17,5
300625,三雄极光,2019-01-11,2019-01-11,1
600771,广誉远,2017-12-6,2017-12-6,1
000972,ST中基,2019-01-10,2018-05-4,2
600436,片仔癀,2018-03-14,2018-01-10,4
002383,合众思壮,2019-01-10,2017-06-28,6
002499,科林环保,2019-01-10,2017-06-20,2
002197,证通电子,2017-09-11,2018-03-14,2
601117,中国化学,2017-12-12,2019-01-30,2
002421,达实智能,2017-11-23,2017-11-23,1
002513,蓝丰生化,2019-01-10,2018-04-3,2
002357,富临运业,2018-05-11,2018-05-11,1
603005,晶方科技,2019-01-10,2019-01-10,1
300497,富祥股份,2017-11-29,2018-04-20,3
300080,易成新能,2018-02-27,2018-02-27,1
603679,华体科技,2019-01-10,2019-01-10,1
600518,康美药业,2017-10-20,2017-10-20,1
600167,联美控股,2017-10-17,2017-10-17,1
600249,两面针,2018-03-30,2018-03-30,1
603165,荣晟环保,2019-01-10,2018-01-31,2
002755,东方新星,2019-01-22,2019-01-22,1
601375,中原证券,2019-01-10,2017-05-25,2
600477,杭萧钢构,2018-06-7,2018-06-7,1
000927,一汽夏利,2019-01-10,2017-11-23,6
300255,常山药业,2018-05-23,2018-05-17,2
000883,湖北能源,2019-01-10,2019-01-10,1
601668,中国建筑,2017-05-27,2018-02-13,5
300030,阳普医疗,2018-01-16,2018-01-16,1
002463,沪电股份,2017-11-30,2017-11-30,1
600820,隧道股份,2017-11-30,2017-11-22,3
000520,长航凤凰,2019-01-10,2017-10-13,3
000019,深深宝A,2018-04-4,2018-04-4,1
000589,黔轮胎A,2018-04-3,2018-04-3,1
603030,全筑股份,2018-04-4,2017-10-13,2
603066,音飞储存,2019-01-10,2017-07-27,2
002588,史丹利,2016-04-12,2016-04-12,1
603316,诚邦股份,2019-01-10,2019-01-10,1
600614,鹏起科技,2019-01-10,2018-05-3,6
300445,康斯特,2018-12-14,2018-12-14,1
000430,张家界,2019-01-10,2019-01-10,1
600158,中体产业,2018-03-27,2018-03-27,1
000056,皇庭国际,2018-04-13,2018-12-10,3
603599,广信股份,2017-09-15,2017-09-15,1
300588,熙菱信息,2019-01-10,2018-05-31,4
600619,海立股份,2017-08-01,2017-08-01,1
000063,中兴通讯,2018-05-10,2018-07-16,6
000002,万科A,2019-01-10,2017-06-13,7
002782,可立克,2019-01-9,2018-03-22,2
002742,三圣股份,2018-02-23,2018-02-23,1
002761,多喜爱,2019-01-9,2018-12-13,2
603663,三祥新材,2019-01-22,2017-08-16,3
002260,*ST德奥,2018-06-5,2018-06-5,1
300630,普利制药,2018-04-18,2018-04-20,2
000518,四环生物,2019-01-8,2017-08-31,2
002772,众兴菌业,2018-12-14,2018-12-14,1
002152,广电运通,2018-05-9,2018-05-9,1
603882,金域医学,2019-01-8,2019-01-8,1
600315,上海家化,2017-08-17,2017-12-6,2
600184,光电股份,2019-01-8,2019-01-8,1
002031,巨轮智能,2016-04-15,2016-04-15,1
002355,兴民智通,2019-01-7,2019-01-7,1
601969,海南矿业,2018-02-27,2018-02-27,1
002252,上海莱士,2018-12-20,2017-06-20,3
002811,亚泰国际,2018-12-20,2018-12-20,1
600183,生益科技,2018-03-28,2018-03-28,1
300709,精研科技,2018-12-20,2018-12-20,1
603179,新泉股份,2018-01-16,2018-01-16,1
000759,中百集团,2019-02-1,2019-02-1,1
600809,山西汾酒,2018-01-30,2018-04-4,2
000752,西藏发展,2018-12-14,2018-12-14,1
300569,天能重工,2018-12-14,2018-12-14,1
600890,中房股份,2016-04-07,2016-04-07,1
002464,众应互联,2018-12-14,2018-12-13,3
600139,西部资源,2017-08-14,2017-08-14,1
600894,广日股份,2017-05-31,2017-05-31,1
603936,博敏电子,2017-11-30,2017-11-30,1
300427,红相股份,2018-12-14,2018-12-14,1
002076,雪莱特,2017-11-29,2017-12-12,2
002886,沃特股份,2018-12-14,2018-12-14,1
300227,光韵达,2017-04-28,2017-04-28,1
603577,汇金通,2017-12-19,2017-12-19,1
002403,爱仕达,2017-11-03,2017-11-03,1
002683,宏大爆破,2018-05-10,2017-08-24,2
300642,透景生命,2018-12-14,2018-04-19,2
603377,东方时尚,2018-12-12,2018-12-12,1
002219,恒康医疗,2017-05-05,2017-05-05,1
600571,信雅达,2018-05-24,2018-12-14,6
603883,老百姓,2017-12-19,2017-12-19,1
000555,神州信息,2018-12-13,2016-03-24,4
002694,顾地科技,2018-12-13,2018-04-25,3
000010,美丽生态,2018-12-13,2018-05-30,3
300134,大富科技,2018-12-13,2018-02-1,2
300008,天海防务,2018-12-13,2018-05-9,2
300355,蒙草生态,2017-12-15,2017-07-26,4
603908,牧高笛,2018-12-13,2018-05-25,2
000830,鲁西化工,2018-02-23,2018-04-17,2
300167,迪威迅,2018-12-13,2018-07-18,2
600747,ST大控,2018-12-13,2018-12-13,1
300203,聚光科技,2018-03-28,2018-03-28,1
300383,光环新网,2018-06-7,2018-06-7,1
002855,捷荣技术,2018-12-13,2018-05-23,2
300484,蓝海华腾,2018-12-12,2018-12-12,1
600728,佳都科技,2018-03-6,2018-03-6,1
603398,邦宝益智,2017-05-23,2018-05-4,2
000777,中核科技,2019-01-30,2019-01-30,1
000981,银亿股份,2018-12-10,2017-11-09,2
300082,奥克股份,2017-07-28,2019-01-17,2
600981,汇鸿集团,2018-12-10,2017-10-16,4
002753,永东股份,2018-12-10,2017-07-13,3
601500,通用股份,2018-12-10,2018-12-10,1
002670,国盛金控,2018-05-31,2018-05-31,1
300170,汉得信息,2018-07-18,2018-07-18,1
002773,康弘药业,2018-07-18,2018-07-18,1
300010,立思辰,2017-12-14,2017-12-14,1
002873,新天药业,2018-07-18,2018-07-18,1
600734,实达集团,2018-03-20,2018-03-20,1
002696,百洋股份,2018-01-30,2018-01-30,1
600511,国药股份,2018-03-23,2018-03-23,1
002292,奥飞娱乐,2018-07-18,2018-07-18,1
000635,英力特,2017-10-12,2017-10-12,1
603387,基蛋生物,2018-04-11,2018-04-11,1
603369,今世缘,2018-04-2,2018-04-2,1
002684,猛狮科技,2018-07-16,2018-02-27,5
002301,齐心集团,2018-06-5,2018-06-5,1
000587,金洲慈航,2018-07-16,2018-06-7,2
002258,利尔化学,2018-04-10,2018-01-18,5
601869,长飞光纤,2018-07-16,2018-07-16,1
600521,华海药业,2018-07-16,2017-12-14,2
601098,中南传媒,2018-04-24,2018-04-24,1
600200,江苏吴中,2018-06-29,2017-10-17,3
300610,晨化股份,2018-04-17,2018-04-17,1
000565,渝三峡A,2018-06-29,2018-06-29,1
300004,南风股份,2018-05-31,2018-05-11,3
600715,文投控股,2018-06-29,2018-03-6,2
002072,凯瑞德,2016-05-19,2017-07-19,4
000626,远大控股,2017-05-19,2017-05-19,1
000615,京汉股份,2018-06-29,2017-11-08,2
603585,苏利股份,2018-04-19,2018-04-19,1
002604,*ST龙力,2018-06-29,2018-06-29,1
000573,粤宏远A,2017-07-12,2017-07-12,1
002725,跃岭股份,2018-06-29,2017-12-21,2
603113,金能科技,2018-05-17,2018-03-2,3
002569,步森股份,2018-03-9,2018-01-18,4
600073,上海梅林,2018-03-15,2018-03-15,1
002353,杰瑞股份,2018-06-8,2018-12-10,4
600891,秋林集团,2018-05-22,2018-05-22,1
600585,海螺水泥,2017-06-14,2017-07-26,4
002719,麦趣尔,2018-06-8,2018-06-8,1
002614,奥佳华,2018-06-8,2018-06-8,1
600383,金地集团,2018-06-8,2018-03-8,2
603306,华懋科技,2017-11-29,2017-11-29,1
300611,美力科技,2018-12-20,2017-11-08,2
603986,兆易创新,2018-05-3,2018-03-2,2
002514,宝馨科技,2017-09-07,2017-10-20,2
000023,深天地A,2018-06-7,2018-06-7,1
002370,亚太药业,2017-08-23,2017-08-23,1
603360,百傲化学,2018-04-17,2018-04-17,1
002106,莱宝高科,2018-04-23,2018-04-23,1
002229,鸿博股份,2018-04-19,2018-04-19,1
603058,永吉股份,2018-03-21,2018-02-1,2
300657,弘信电子,2018-06-7,2019-01-9,3
000673,当代东方,2018-02-23,2017-11-09,2
603557,起步股份,2018-06-7,2018-06-7,1
600963,岳阳林纸,2018-04-10,2018-04-10,1
002584,西陇科学,2018-06-7,2018-06-1,3
002477,雏鹰农牧,2018-06-7,2018-03-8,2
000812,陕西金叶,2017-12-14,2017-12-21,2
300655,晶瑞股份,2018-05-25,2018-05-25,1
600300,维维股份,2017-09-21,2017-09-21,1
603011,合锻智能,2018-06-6,2018-06-6,1
300312,邦讯技术,2018-05-31,2018-05-24,2
000779,三毛派神,2018-01-30,2017-08-16,2
002872,天圣制药,2018-06-6,2019-01-23,3
000712,锦龙股份,2017-05-03,2017-09-21,4
002156,通富微电,2018-02-28,2018-02-28,1
300152,科融环境,2017-07-25,2017-07-25,1
600432,退市吉恩,2018-06-5,2018-05-30,2
601933,永辉超市,2017-12-18,2017-12-18,1
600563,法拉电子,2018-04-4,2018-04-4,1
002339,积成电子,2018-06-5,2019-01-30,2
600393,粤泰股份,2017-12-15,2017-03-15,2
600255,梦舟股份,2018-02-1,2018-02-1,1
002673,西部证券,2018-06-4,2018-02-28,4
300073,当升科技,2018-05-29,2018-05-29,1
000935,四川双马,2018-06-4,2017-12-14,3
300128,锦富技术,2017-12-11,2017-12-11,1
002628,成都路桥,2017-08-24,2018-01-16,3
002622,融钰集团,2018-05-8,2017-12-19,7
000564,供销大集,2017-10-09,2018-05-28,2
300604,长川科技,2018-06-1,2018-04-25,2
002311,海大集团,2017-09-15,2017-09-15,1
603232,格尔软件,2018-05-3,2018-05-3,1
002826,易明医药,2018-06-1,2018-06-1,1
002726,龙大肉食,2018-05-31,2017-06-29,5
300325,德威新材,2018-05-31,2017-12-14,2
300141,和顺电气,2017-11-03,2017-11-03,1
600111,北方稀土,2019-01-11,2019-01-11,1
000558,莱茵体育,2018-05-31,2018-05-31,1
002778,高科石化,2017-07-13,2017-07-13,1
002016,世荣兆业,2018-04-28,2018-04-28,1
002662,京威股份,2018-05-25,2018-03-16,2
300483,沃施股份,2017-07-19,2017-07-19,1
000672,上峰水泥,2018-05-31,2018-04-27,3
002180,纳思达,2018-05-31,2018-01-31,2
300486,东杰智能,2018-05-24,2019-01-22,2
300543,朗科智能,2018-01-15,2018-01-29,3
600000,浦发银行,2018-04-28,2017-06-02,2
002384,东山精密,2018-06-1,2018-06-1,1
601138,工业富联,2018-05-30,2018-05-30,1
300229,拓尔思,2018-04-17,2018-04-17,1
300382,斯莱克,2018-05-23,2018-05-23,1
300643,万通智控,2018-05-30,2018-05-30,1
603239,浙江仙通,2018-01-10,2018-01-10,1
300196,长海股份,2017-07-20,2017-07-20,1
601368,绿城水务,2018-03-20,2017-08-01,2
300107,建新股份,2018-02-27,2018-02-27,1
600416,湘电股份,2018-05-30,2018-05-30,1
002165,红宝丽,2019-01-10,2019-01-10,1
000735,罗牛山,2018-05-29,2018-04-17,4
000568,泸州老窖,2018-04-11,2018-04-11,1
601857,中国石油,2018-01-31,2017-08-25,2
002603,以岭药业,2018-03-13,2018-03-13,1
300032,金龙机电,2018-05-29,2017-11-03,6
002284,亚太股份,2018-05-3,2018-05-3,1
002567,唐人神,2018-12-10,2018-01-31,3
002857,三晖电气,2017-08-23,2017-08-23,1
603336,宏辉果蔬,2017-07-05,2018-03-30,2
300511,雪榕生物,2018-05-29,2017-07-10,2
300428,四通新材,2018-03-16,2018-03-16,1
000597,东北制药,2018-05-22,2018-12-14,3
300426,唐德影视,2018-06-5,2018-06-5,1
300465,高伟达,2017-09-15,2018-03-2,4
002721,金一文化,2018-05-29,2017-10-11,2
601618,中国中冶,2018-03-14,2018-03-30,2
300359,全通教育,2017-06-15,2017-06-15,1
601166,兴业银行,2018-05-29,2018-04-25,2
002799,环球印务,2018-05-29,2018-05-29,1
300300,汉鼎宇佑,2017-11-08,2017-11-08,1
300286,安科瑞,2018-03-6,2018-03-6,1
002736,国信证券,2018-05-22,2018-01-31,2
300596,利安隆,2018-05-28,2018-02-24,2
300250,初灵信息,2018-05-28,2019-02-14,2
300608,思特奇,2018-03-2,2018-03-2,1
300213,佳讯飞鸿,2018-05-28,2018-03-29,3
300411,金盾股份,2018-05-25,2018-05-24,3
300101,振芯科技,2017-12-21,2017-12-21,1
000975,银泰资源,2017-12-14,2017-12-14,1
600289,*ST信通,2018-05-25,2018-05-25,1
002009,天奇股份,2018-12-13,2017-11-30,2
000791,甘肃电投,2018-04-9,2017-10-10,2
300562,乐心医疗,2018-05-25,2018-03-20,2
300452,山河药辅,2018-05-25,2018-03-13,2
000725,京东方A,2018-03-21,2018-03-21,1
603758,秦安股份,2018-05-25,2018-05-17,2
600458,时代新材,2017-11-22,2017-11-23,2
600242,中昌数据,2018-05-25,2018-05-25,1
600986,科达股份,2017-11-08,2019-01-14,5
300534,陇神戎发,2018-05-11,2018-12-13,2
000715,中兴商业,2018-05-25,2018-05-25,1
601318,中国平安,2018-04-27,2018-03-15,5
300056,三维丝,2018-05-25,2018-05-25,1
002318,久立特材,2017-04-18,2018-03-30,3
600919,江苏银行,2018-05-25,2018-05-22,2
300036,超图软件,2017-10-12,2017-10-12,1
002545,东方铁塔,2018-04-2,2018-04-2,1
002701,奥瑞金,2017-09-01,2018-03-14,3
600850,华东电脑,2018-05-15,2018-05-15,1
002261,拓维信息,2017-11-22,2017-08-21,2
603330,上海天洋,2018-05-24,2018-05-24,1
600456,宝钛股份,2017-10-10,2017-10-10,1
600803,新奥股份,2017-11-30,2017-07-17,2
601229,上海银行,2018-05-23,2018-05-29,2
002151,北斗星通,2018-04-11,2018-04-19,3
300407,凯发电气,2018-05-22,2018-05-22,1
300217,东方电热,2019-01-22,2019-01-22,1
002591,恒大高新,2018-05-23,2018-02-24,2
002700,新疆浩源,2018-03-29,2018-03-29,1
600068,葛洲坝,2017-09-21,2017-09-21,1
300468,四方精创,2018-05-23,2018-03-15,2
603608,天创时尚,2017-03-10,2017-03-10,1
002848,高斯贝尔,2018-02-14,2018-02-14,1
300071,华谊嘉信,2018-05-23,2018-05-23,1
600480,凌云股份,2017-09-20,2019-01-17,2
000090,天健集团,2019-01-8,2019-01-8,1
600319,亚星化学,2019-01-10,2019-01-10,1
300279,和晶科技,2018-04-16,2018-04-16,1
300288,朗玛信息,2017-06-15,2018-04-10,3
000890,法尔胜,2018-05-22,2018-05-22,1
600889,南京化纤,2019-01-23,2019-01-23,1
603067,振华股份,2018-04-20,2018-03-28,2
600759,洲际油气,2017-07-25,2017-06-12,2
600973,宝胜股份,2018-12-12,2018-12-12,1
002849,威星智能,2018-05-21,2018-05-21,1
600874,创业环保,2018-05-18,2018-05-18,1
000055,方大集团,2018-12-20,2017-06-01,5
600575,皖江物流,2018-05-21,2018-05-21,1
603488,展鹏科技,2018-05-18,2018-05-18,1
000401,冀东水泥,2018-05-18,2018-05-25,6
300230,永利股份,2017-10-10,2018-01-18,3
600198,*ST大唐,2018-05-18,2018-05-18,1
300461,田中精机,2017-09-04,2017-09-04,1
300601,康泰生物,2019-01-18,2019-01-18,1
002654,万润科技,2018-05-18,2018-03-27,2
000806,银河生物,2017-07-19,2017-07-19,1
600502,安徽水利,2017-11-08,2018-12-12,2
300415,伊之密,2018-05-17,2018-05-9,2
600801,华新水泥,2018-04-27,2018-02-28,3
300636,同和药业,2018-04-9,2018-04-9,1
600690,青岛海尔,2018-05-17,2018-05-17,1
600568,中珠医疗,2018-05-17,2018-05-17,1
000753,漳州发展,2018-12-14,2018-12-14,1
600066,宇通客车,2018-04-3,2018-04-3,1
300616,尚品宅配,2017-09-28,2018-04-9,2
000510,金路集团,2018-05-17,2017-08-17,5
603606,东方电缆,2019-01-23,2017-12-14,3
000566,海南海药,2018-05-17,2017-11-08,3
002769,普路通,2018-03-16,2018-03-16,1
603985,恒润股份,2018-05-11,2018-05-11,1
603859,能科股份,2018-05-16,2018-05-16,1
000157,中联重科,2018-06-7,2018-06-7,1
300042,朗科科技,2018-05-15,2017-12-14,3
300612,宣亚国际,2017-06-21,2018-04-20,2
002331,皖通科技,2018-05-15,2016-03-29,2
600074,*ST保千,2018-05-15,2019-01-30,2
000859,国风塑业,2019-01-22,2017-08-17,2
000856,冀东装备,2018-05-15,2018-01-11,2
600718,东软集团,2018-04-4,2018-04-4,1
603955,大千生态,2018-03-14,2018-03-14,1
300251,光线传媒,2017-12-12,2018-04-10,2
002853,皮阿诺,2018-04-10,2018-04-10,1
002140,东华科技,2018-02-1,2017-09-15,2
002099,海翔药业,2018-05-14,2018-05-14,1
600758,红阳能源,2018-03-21,2018-03-30,2
601111,中国国航,2018-03-28,2017-03-14,2
300702,天宇股份,2019-01-17,2019-01-17,1
300381,溢多利,2018-05-14,2018-05-14,1
300386,飞天诚信,2017-06-27,2017-06-27,1
300520,科大国创,2018-04-20,2017-09-20,2
002391,长青股份,2018-03-8,2018-03-8,1
601199,江南水务,2018-05-9,2018-05-9,1
300399,京天利,2017-12-21,2017-12-21,1
300605,恒锋信息,2018-04-17,2018-04-17,1
002427,*ST尤夫,2018-05-11,2018-05-17,2
002138,顺络电子,2017-11-29,2017-12-14,2
000498,山东路桥,2017-05-25,2017-05-25,1
300640,德艺文创,2018-04-24,2018-04-24,1
002354,天神娱乐,2018-05-11,2018-05-15,2
002807,江阴银行,2017-03-15,2018-01-10,2
600777,新潮能源,2018-05-10,2018-05-4,2
601177,杭齿前进,2017-12-14,2017-12-14,1
300067,安诺其,2018-05-10,2018-02-27,2
000488,晨鸣纸业,2017-10-11,2018-03-28,5
000025,特力A,2017-07-04,2017-12-13,2
600856,中天能源,2018-05-10,2018-05-10,1
603300,华铁科技,2018-05-10,2018-05-10,1
300434,金石东方,2018-05-10,2018-05-3,2
002146,荣盛发展,2017-10-17,2017-06-27,2
000049,德赛电池,2018-03-27,2018-03-27,1
600680,*ST上普,2018-05-10,2018-03-20,2
300396,迪瑞医疗,2017-12-14,2017-12-14,1
300016,北陆药业,2018-05-9,2018-03-20,2
600686,金龙汽车,2018-05-3,2018-05-3,1
002735,王子新材,2017-04-18,2016-05-18,2
002321,华英农业,2017-12-12,2017-12-12,1
002491,通鼎互联,2018-05-29,2018-05-29,1
600958,东方证券,2018-04-27,2017-09-20,2
300216,千山药机,2018-05-8,2017-04-28,6
300469,信息发展,2018-05-9,2018-05-9,1
601789,宁波建工,2018-05-9,2018-05-9,1
002821,凯莱英,2018-06-7,2018-06-7,1
600109,国金证券,2018-05-8,2018-03-7,2
300248,新开普,2019-01-8,2019-01-8,1
000901,航天科技,2017-08-31,2017-08-31,1
000899,赣能股份,2018-05-8,2018-05-8,1
002183,怡亚通,2018-05-16,2018-05-16,1
600782,新钢股份,2017-09-20,2018-04-27,2
002440,闰土股份,2018-05-8,2017-08-23,2
300146,汤臣倍健,2018-02-1,2017-07-31,2
600559,老白干酒,2017-07-25,2017-07-25,1
002214,大立科技,2018-12-14,2018-12-14,1
002226,江南化工,2018-05-8,2018-05-4,4
601216,君正集团,2018-04-20,2018-03-15,2
603388,元成股份,2018-04-4,2017-11-03,2
600666,奥瑞德,2018-05-8,2018-05-4,2
600618,氯碱化工,2018-03-16,2018-07-18,2
002889,东方嘉盛,2018-05-7,2018-05-3,2
002170,芭田股份,2018-05-7,2018-05-7,1
300482,万孚生物,2018-05-7,2018-04-28,2
300589,江龙船艇,2018-05-7,2017-10-09,2
603037,凯众股份,2018-05-7,2018-03-29,3
000936,华西股份,2018-01-16,2017-03-15,2
300531,优博讯,2019-01-10,2019-01-10,1
600584,长电科技,2018-05-4,2018-05-4,1
600409,三友化工,2018-04-12,2018-04-12,1
300526,中潜股份,2018-05-4,2017-09-15,2
002867,周大生,2018-05-4,2018-04-17,2
300537,广信材料,2018-05-4,2018-12-20,3
000020,深华发A,2017-08-25,2017-11-29,2
002276,万马股份,2017-09-13,2017-09-13,1
600866,星湖科技,2018-05-4,2018-04-25,3
000957,中通客车,2018-04-19,2018-04-19,1
002011,盾安环境,2018-05-4,2018-05-30,2
000982,*ST中绒,2017-05-22,2017-05-22,1
300456,耐威科技,2018-05-21,2018-05-21,1
600909,华安证券,2018-05-3,2018-02-27,3
601678,滨化股份,2017-08-10,2018-03-9,2
002425,凯撒文化,2018-05-3,2018-03-28,2
600626,申达股份,2017-09-01,2017-09-01,1
300354,东华测试,2018-05-3,2017-09-14,2
603615,茶花股份,2018-03-2,2018-03-2,1
300139,晓程科技,2018-05-3,2018-05-3,1
002796,世嘉科技,2017-05-05,2017-05-05,1
000932,华菱钢铁,2016-04-15,2016-04-15,1
300069,金利华电,2018-05-3,2017-07-28,2
603025,大豪科技,2018-03-28,2018-03-28,1
002475,立讯精密,2017-09-20,2017-09-20,1
603616,韩建河山,2018-03-2,2018-03-2,1
002250,联化科技,2018-05-3,2018-04-20,2
603866,桃李面包,2018-01-10,2018-01-10,1
000837,秦川机床,2018-05-3,2018-05-3,1
300246,宝莱特,2018-05-3,2017-06-05,2
603579,荣泰健康,2018-03-16,2018-03-16,1
600157,永泰能源,2018-05-3,2018-04-11,2
002865,钧达股份,2018-05-3,2018-05-3,1
600869,智慧能源,2018-03-15,2018-03-15,1
600807,*ST天业,2018-05-3,2018-05-3,1
000590,启迪古汉,2017-11-09,2017-11-09,1
300389,艾比森,2019-02-14,2019-02-14,1
603259,药明康德,2018-05-2,2018-12-20,2
002626,金达威,2017-06-15,2018-05-18,3
600170,上海建工,2018-12-20,2017-09-21,3
600739,辽宁成大,2018-04-28,2018-04-28,1
000800,一汽轿车,2018-04-28,2016-04-15,2
300487,蓝晓科技,2018-04-28,2018-03-27,2
002594,比亚迪,2018-04-28,2017-12-6,7
600671,天目药业,2017-05-27,2017-11-03,2
000693,*ST华泽,2018-04-28,2017-07-07,3
600309,万华化学,2017-11-29,2017-11-24,5
002274,华昌化工,2019-01-10,2019-01-10,1
603898,好莱客,2018-06-29,2018-06-29,1
300498,温氏股份,2018-04-24,2018-12-13,6
000813,德展健康,2018-03-30,2018-03-30,1
300540,深冷股份,2017-08-17,2017-08-17,1
002136,安纳达,2018-04-28,2018-04-28,1
002722,金轮股份,2018-04-28,2017-11-09,2
000728,国元证券,2018-04-27,2017-04-27,3
300457,赢合科技,2018-03-21,2018-03-21,1
000552,靖远煤电,2018-04-27,2018-04-27,1
002310,东方园林,2018-03-14,2017-07-04,3
000029,深深房A,2017-10-20,2017-10-20,1
002012,凯恩股份,2018-04-27,2018-01-30,4
600115,东方航空,2018-04-27,2018-04-27,1
002225,濮耐股份,2017-12-12,2018-04-9,2
300019,硅宝科技,2018-04-27,2017-10-20,2
600711,盛屯矿业,2018-04-10,2018-07-18,2
600999,招商证券,2018-04-27,2019-01-10,5
600278,东方创业,2017-12-6,2017-12-6,1
600213,亚星客车,2019-02-14,2019-02-14,1
300033,同花顺,2018-04-26,2018-04-26,1
300431,暴风集团,2018-01-11,2017-09-22,2
300388,国祯环保,2018-05-30,2017-05-03,4
000685,中山公用,2018-04-9,2018-04-9,1
601878,浙商证券,2017-09-06,2017-09-06,1
300739,明阳电路,2018-04-18,2018-04-18,1
000639,西王食品,2018-12-20,2017-10-09,3
300158,振东制药,2018-03-9,2018-03-9,1
600857,宁波中百,2018-04-26,2018-04-26,1
300334,津膜科技,2018-04-3,2017-09-22,2
002805,丰元股份,2018-04-26,2018-04-26,1
002291,星期六,2018-04-26,2018-04-26,1
002554,惠博普,2017-06-29,2018-05-4,2
603803,瑞斯康达,2018-04-26,2018-04-26,1
002714,牧原股份,2016-04-11,2016-04-11,1
603019,中科曙光,2017-10-20,2017-10-20,1
600549,厦门钨业,2018-04-25,2018-04-25,1
000544,中原环保,2018-04-9,2018-04-9,1
002859,洁美科技,2018-04-25,2017-07-18,2
000767,漳泽电力,2017-07-28,2017-07-28,1
603727,博迈科,2019-01-10,2019-01-10,1
601718,际华集团,2018-04-24,2018-04-24,1
300174,元力股份,2017-12-19,2017-10-20,2
002332,仙琚制药,2018-04-9,2018-03-29,2
002625,光启技术,2018-04-24,2019-01-14,2
603993,洛阳钼业,2018-02-27,2018-02-27,1
002926,华西证券,2018-04-24,2018-04-24,1
002580,圣阳股份,2018-04-24,2018-04-24,1
600834,申通地铁,2017-06-16,2017-06-16,1
002611,东方精工,2018-04-24,2016-05-20,2
300387,富邦股份,2017-05-27,2018-01-8,2
002230,科大讯飞,2018-05-31,2017-08-10,3
300444,双杰电气,2018-04-20,2018-04-20,1
300638,广和通,2018-04-10,2018-04-10,1
300046,台基股份,2018-04-20,2018-03-20,3
000877,天山股份,2018-03-23,2018-12-13,2
002602,世纪华通,2018-04-20,2018-04-20,1
300582,英飞特,2018-04-20,2018-04-20,1
000908,景峰医药,2018-12-14,2018-12-10,2
000546,金圆股份,2017-06-20,2017-06-20,1
002352,顺丰控股,2018-04-19,2018-03-20,5
002334,英威腾,2018-04-19,2018-04-19,1
600643,爱建集团,2017-11-03,2017-11-03,1
002860,星帅尔,2018-04-19,2018-03-29,2
603319,湘油泵,2018-04-10,2018-04-10,1
300221,银禧科技,2017-11-29,2017-11-29,1
300072,三聚环保,2017-05-31,2018-06-4,4
300419,浩丰科技,2017-06-06,2017-06-06,1
300267,尔康制药,2018-04-19,2017-08-10,4
300627,华测导航,2018-03-7,2018-03-7,1
300265,通光线缆,2018-04-18,2017-06-16,2
603003,龙宇燃油,2017-11-08,2018-01-18,2
300352,北信源,2017-11-03,2017-11-03,1
002271,东方雨虹,2017-11-03,2017-08-29,4
603050,科林电气,2018-04-17,2018-12-13,2
600182,S佳通,2018-04-17,2018-04-17,1
002212,南洋股份,2018-04-17,2018-01-30,2
000998,隆平高科,2018-04-9,2018-04-9,1
002792,通宇通讯,2017-05-17,2017-05-17,1
000933,神火股份,2018-04-17,2018-12-14,5
300180,华峰超纤,2018-02-27,2018-02-27,1
002342,巨力索具,2017-05-04,2017-05-04,1
300420,五洋停车,2018-04-17,2018-04-17,1
600795,国电电力,2018-04-17,2018-04-17,1
002851,麦格米特,2018-01-8,2018-01-8,1
600729,重庆百货,2018-04-16,2018-03-16,2
600651,飞乐音响,2018-04-13,2018-04-13,1
300035,中科电气,2017-09-12,2017-09-12,1
000997,新大陆,2017-08-04,2017-08-04,1
000046,泛海控股,2018-04-13,2018-05-22,4
002743,富煌钢构,2017-11-22,2017-11-22,1
002158,汉钟精机,2017-05-19,2017-05-19,1
000572,海马汽车,2018-04-13,2018-04-3,2
300607,拓斯达,2018-02-23,2018-02-1,2
601069,西部黄金,2018-03-21,2017-08-04,3
002640,跨境通,2018-04-9,2018-01-15,2
300491,通合科技,2018-12-20,2018-03-13,2
300356,光一科技,2018-04-12,2017-12-12,2
603383,顶点软件,2018-04-12,2018-04-12,1
600318,新力金融,2018-04-12,2019-01-10,2
600219,南山铝业,2018-03-14,2018-03-14,1
300519,新光药业,2018-04-12,2018-04-12,1
603538,美诺华,2018-04-12,2018-03-8,3
600143,金发科技,2018-04-12,2018-04-12,1
600392,盛和资源,2017-06-26,2017-06-26,1
002034,旺能环境,2018-04-11,2018-04-27,2
002555,三七互娱,2018-04-11,2018-04-11,1
600846,同济科技,2018-03-16,2019-01-23,2
002852,道道全,2018-04-11,2018-04-11,1
300392,腾信股份,2018-04-11,2018-06-6,3
002033,丽江旅游,2017-11-30,2017-11-30,1
300215,电科院,2017-05-04,2017-05-04,1
300156,神雾环保,2018-01-31,2017-07-18,3
000656,金科股份,2017-07-05,2017-05-02,2
600588,用友网络,2018-04-10,2018-04-10,1
600572,康恩贝,2018-01-10,2018-01-10,1
300133,华策影视,2018-04-10,2018-03-7,2
600108,亚盛集团,2018-04-10,2018-04-10,1
002560,通达股份,2018-03-14,2018-03-14,1
002624,完美世界,2018-07-16,2018-07-16,1
300598,诚迈科技,2018-04-10,2018-04-10,1
000990,诚志股份,2017-07-19,2018-03-16,2
002523,天桥起重,2017-08-04,2017-08-04,1
600081,东风科技,2019-02-1,2019-02-1,1
600761,安徽合力,2017-12-21,2018-03-20,2
600664,哈药股份,2018-04-16,2018-04-16,1
603520,司太立,2017-09-20,2017-09-20,1
002330,得利斯,2017-08-17,2017-08-17,1
300260,新莱应材,2018-01-15,2018-01-15,1
300271,华宇软件,2017-06-22,2017-06-22,1
002127,南极电商,2017-11-30,2017-11-30,1
603010,万盛股份,2016-05-20,2018-05-23,3
002171,楚江新材,2017-07-31,2017-07-31,1
603718,海利生物,2019-01-9,2019-01-9,1
600331,宏达股份,2018-04-3,2018-04-3,1
300346,南大光电,2018-04-3,2018-12-14,2
600293,三峡新材,2018-12-13,2018-12-13,1
300631,久吾高科,2018-04-3,2018-04-3,1
600127,金健米业,2018-05-4,2018-05-4,1
300293,蓝英装备,2017-09-06,2017-09-06,1
600853,龙建股份,2018-04-25,2016-03-24,2
600792,云煤能源,2018-04-2,2017-12-6,2
000862,银星能源,2018-03-2,2018-03-2,1
002213,特尔佳,2018-03-30,2018-03-30,1
603098,森特股份,2018-04-19,2018-04-19,1
601328,交通银行,2018-03-30,2018-12-13,2
000875,吉电股份,2017-08-09,2017-08-09,1
002423,中原特钢,2018-05-17,2018-03-22,2
300506,名家汇,2019-01-11,2017-12-19,2
510170,商品ETF,2018-03-30,2018-03-30,1
000151,中成股份,2018-03-23,2018-03-23,1
002268,卫士通,2018-03-30,2018-03-30,1
000790,泰合健康,2018-03-6,2017-12-15,3
603385,惠达卫浴,2018-03-30,2018-03-30,1
002044,美年健康,2018-04-27,2018-04-27,1
601881,中国银河,2018-03-29,2018-03-29,1
300571,平治信息,2018-03-29,2018-03-20,3
600306,商业城,2017-08-24,2017-08-24,1
002759,天际股份,2018-01-31,2018-02-1,2
002069,獐子岛,2018-03-28,2018-01-31,3
600136,当代明诚,2018-03-28,2019-02-14,4
002028,思源电气,2017-08-02,2017-08-02,1
002054,德美化工,2017-08-31,2017-08-31,1
300070,碧水源,2018-02-28,2018-02-28,1
002520,日发精机,2018-02-27,2018-05-15,2
603021,山东华鹏,2018-03-27,2018-03-27,1
002547,春兴精工,2018-01-8,2018-01-8,1
002729,好利来,2017-09-13,2017-09-13,1
603725,天安新材,2018-03-23,2018-03-2,2
002631,德尔未来,2017-07-25,2017-07-25,1
600743,华远地产,2017-11-17,2017-11-17,1
002386,天原集团,2018-03-23,2018-03-23,1
002789,建艺集团,2018-02-13,2018-02-13,1
300705,九典制药,2018-03-23,2018-03-23,1
601366,利群股份,2018-06-6,2018-06-6,1
002717,岭南股份,2018-03-23,2018-12-20,5
601258,庞大集团,2017-06-28,2017-05-03,2
300159,新研股份,2017-08-10,2018-06-8,2
300493,润欣科技,2017-08-25,2019-01-23,2
000628,高新发展,2019-01-8,2018-03-20,3
300441,鲍斯股份,2016-04-01,2016-04-01,1
002393,力生制药,2017-03-17,2017-03-17,1
300549,优德精密,2017-08-01,2017-08-01,1
600741,华域汽车,2016-03-25,2018-03-29,4
002195,二三四五,2018-03-21,2018-03-21,1
300421,力星股份,2018-01-11,2016-03-29,2
600053,九鼎投资,2017-09-11,2017-08-21,4
000868,安凯客车,2018-03-21,2018-01-31,2
603018,中设集团,2017-12-13,2017-09-13,2
603600,永艺股份,2018-03-20,2018-03-20,1
002818,富森美,2018-04-17,2018-04-17,1
603009,北特科技,2018-03-20,2018-01-11,4
601390,中国中铁,2018-12-14,2018-01-11,3
002431,棕榈股份,2018-03-20,2018-05-30,7
002120,韵达股份,2018-03-20,2018-03-20,1
000613,大东海A,2018-03-20,2018-03-20,1
002468,申通快递,2018-03-20,2017-08-02,2
600785,新华百货,2017-05-04,2017-05-04,1
300275,梅安森,2018-03-16,2018-03-16,1
002548,金新农,2018-03-16,2019-01-14,2
600526,菲达环保,2018-03-16,2018-03-16,1
300294,博雅生物,2017-11-09,2017-11-09,1
603160,汇顶科技,2017-11-23,2017-11-23,1
002442,龙星化工,2018-03-16,2017-12-19,3
002233,塔牌集团,2017-06-20,2017-10-20,3
002487,大金重工,2018-03-16,2017-05-12,2
002833,弘亚数控,2018-03-15,2018-03-15,1
002447,晨鑫科技,2018-03-15,2019-01-11,3
000811,冰轮环境,2018-03-15,2018-03-15,1
002398,建研集团,2018-03-15,2017-10-11,3
000333,美的集团,2016-03-31,2017-09-20,2
000652,泰达股份,2017-08-10,2017-08-10,1
600654,ST中安,2017-06-05,2017-06-05,1
002746,仙坛股份,2018-03-14,2018-03-30,4
300363,博腾股份,2018-02-27,2018-02-27,1
300566,激智科技,2018-02-27,2018-02-24,2
600917,重庆燃气,2018-03-14,2018-03-14,1
002760,凤形股份,2017-09-01,2017-09-01,1
300093,金刚玻璃,2018-03-13,2018-03-13,1
300364,中文在线,2018-06-7,2018-06-7,1
600979,广安爱众,2018-03-13,2018-03-13,1
600742,一汽富维,2018-02-14,2018-02-14,1
600581,八一钢铁,2018-03-13,2018-03-13,1
601989,中国重工,2018-12-20,2018-12-20,1
600837,海通证券,2019-01-10,2018-05-8,2
600388,龙净环保,2017-11-23,2017-06-02,2
002527,新时达,2018-03-9,2018-06-6,3
603881,数据港,2017-10-09,2018-03-15,2
600673,东阳光科,2018-03-9,2018-03-9,1
600419,天润乳业,2018-03-27,2018-03-27,1
600533,栖霞建设,2016-05-18,2016-05-18,1
000006,深振业A,2018-03-8,2017-10-11,2
002709,天赐材料,2018-03-21,2018-03-2,2
000421,南京公用,2018-03-8,2018-03-8,1
000022,深赤湾A,2018-03-8,2018-03-7,2
600774,汉商集团,2018-01-16,2018-01-16,1
000557,西部创业,2017-09-11,2018-01-22,2
600868,梅雁吉祥,2018-03-6,2018-02-23,2
300535,达威股份,2018-02-1,2018-02-1,1
300617,安靠智电,2018-03-6,2018-04-12,2
603069,海汽集团,2018-03-6,2017-07-05,3
600794,保税科技,2017-07-28,2018-05-8,3
601127,小康股份,2017-10-18,2017-10-18,1
002697,红旗连锁,2017-06-28,2017-06-28,1
002428,云南锗业,2018-03-2,2018-03-2,1
300422,博世科,2018-04-9,2018-04-9,1
603988,中电电机,2018-03-2,2017-11-22,2
300197,铁汉生态,2017-11-23,2018-03-6,3
002085,万丰奥威,2018-03-2,2018-03-2,1
601369,陕鼓动力,2018-02-28,2018-02-28,1
300143,星普医科,2018-03-2,2018-03-2,1
300580,贝斯特,2018-02-28,2018-02-28,1
600595,中孚实业,2018-03-20,2017-05-24,2
603088,宁波精达,2018-02-28,2018-02-28,1
600093,易见股份,2018-02-28,2018-02-28,1
300374,恒通科技,2018-02-28,2018-02-28,1
002270,华明装备,2017-04-20,2017-04-20,1
300613,富瀚微,2018-02-28,2018-02-28,1
002396,星网锐捷,2017-11-08,2017-11-08,1
300059,东方财富,2018-04-17,2018-04-17,1
002601,龙蟒佰利,2018-02-28,2017-06-22,2
002068,黑猫股份,2018-02-28,2017-11-22,2
000795,英洛华,2017-09-01,2017-09-01,1
300433,蓝思科技,2018-01-10,2018-01-10,1
000882,华联股份,2018-02-28,2018-02-28,1
300494,盛天网络,2018-01-10,2018-01-10,1
600566,济川药业,2018-05-17,2018-05-17,1
002711,欧浦智网,2017-08-02,2017-08-02,1
002117,东港股份,2018-03-15,2018-03-15,1
002842,翔鹭钨业,2018-02-27,2018-02-27,1
600231,凌钢股份,2017-07-06,2017-07-06,1
002365,永安药业,2019-02-13,2019-02-13,1
300299,富春股份,2018-02-27,2018-02-27,1
300501,海顺新材,2018-02-27,2018-04-20,2
002145,中核钛白,2018-02-27,2017-10-12,4
600703,三安光电,2019-01-22,2018-01-15,2
002399,海普瑞,2017-12-12,2017-12-12,1
300440,运达科技,2018-01-31,2018-01-31,1
002438,江苏神通,2018-04-24,2018-04-24,1
600695,绿庭投资,2018-02-24,2018-12-14,2
603444,吉比特,2018-02-24,2017-03-15,4
600390,五矿资本,2018-01-8,2018-01-8,1
300313,天山生物,2018-03-13,2018-03-13,1
601021,春秋航空,2018-02-24,2017-08-17,2
300185,通裕重工,2017-06-16,2017-06-16,1
603603,博天环境,2018-02-23,2018-04-18,3
603817,海峡环保,2018-02-23,2017-12-19,2
000625,长安汽车,2017-12-6,2017-11-30,2
002471,中超控股,2017-10-11,2017-09-20,2
300043,星辉娱乐,2018-01-30,2018-01-30,1
600635,大众公用,2018-05-17,2018-05-17,1
002669,康达新材,2017-11-03,2017-11-03,1
300495,美尚生态,2018-02-23,2018-02-23,1
300041,回天新材,2017-12-19,2019-01-18,2
300410,正业科技,2018-02-23,2018-03-7,4
000756,新华制药,2018-02-14,2018-02-14,1
300343,联创互联,2018-02-1,2018-02-1,1
600177,雅戈尔,2018-02-14,2018-12-20,5
300600,瑞特股份,2018-02-14,2018-02-14,1
300207,欣旺达,2017-12-19,2017-12-19,1
600022,山东钢铁,2018-02-14,2018-03-27,2
300191,潜能恒信,2018-01-31,2018-01-31,1
603208,江山欧派,2018-02-13,2018-02-13,1
300472,新元科技,2017-09-20,2017-09-20,1
002809,红墙股份,2018-02-13,2018-02-13,1
002415,海康威视,2017-09-28,2017-09-28,1
002296,辉煌科技,2017-05-17,2017-07-05,3
002606,大连电瓷,2018-02-1,2017-12-6,3
000662,天夏智慧,2018-02-1,2018-02-1,1
002392,北京利尔,2018-02-1,2018-02-1,1
300235,方直科技,2017-05-26,2017-05-24,2
000686,东北证券,2017-05-05,2018-04-25,2
002358,森源电气,2017-07-12,2018-04-12,3
300521,爱司凯,2018-02-1,2018-01-18,3
603026,石大胜华,2019-01-30,2019-01-30,1
002206,海利得,2018-01-31,2017-09-06,2
300064,豫金刚石,2018-02-24,2018-02-24,1
300489,中飞股份,2018-01-31,2017-05-05,2
000729,燕京啤酒,2018-01-16,2018-01-16,1
600802,福建水泥,2018-01-31,2018-04-10,2
600401,*ST海润,2018-01-31,2018-01-31,1
002071,长城影视,2017-09-28,2017-09-28,1
002456,欧菲科技,2019-01-10,2019-01-10,1
002374,丽鹏股份,2018-06-29,2017-06-29,2
002676,顺威股份,2018-01-31,2017-11-03,3
001979,招商蛇口,2019-01-17,2018-03-14,5
002126,银轮股份,2018-12-13,2018-05-10,2
002832,比音勒芬,2018-01-30,2019-01-10,2
600578,京能电力,2018-01-30,2018-01-30,1
002221,东华能源,2018-04-9,2018-04-9,1
300393,中来股份,2019-01-8,2019-01-8,1
600100,同方股份,2018-01-30,2018-01-31,3
600070,浙江富润,2017-10-12,2019-01-17,3
002062,宏润建设,2017-12-15,2018-03-21,5
600903,贵州燃气,2018-01-22,2018-04-17,2
600884,杉杉股份,2018-01-22,2016-04-15,4
601003,柳钢股份,2018-01-18,2019-01-17,3
300629,新劲刚,2018-01-18,2018-01-18,1
000504,南华生物,2018-01-18,2018-01-18,1
600230,沧州大化,2017-08-16,2018-04-10,3
000037,深南电A,2018-01-18,2018-01-18,1
300458,全志科技,2018-01-18,2018-01-18,1
002549,凯美特气,2018-01-18,2018-03-30,2
000961,中南建设,2018-01-16,2018-12-13,3
002623,亚玛顿,2018-01-16,2018-01-16,1
601155,新城控股,2018-06-5,2018-06-5,1
300121,阳谷华泰,2019-01-22,2019-01-22,1
600153,建发股份,2018-04-17,2018-04-17,1
600892,大晟文化,2017-12-15,2017-12-15,1
002063,远光软件,2018-01-16,2018-01-16,1
000757,浩物股份,2018-05-23,2018-05-23,1
600500,中化国际,2017-05-19,2018-06-7,4
000021,深科技,2018-01-15,2018-01-15,1
600804,鹏博士,2017-11-23,2017-11-23,1
000166,申万宏源,2018-06-7,2018-06-7,1
300379,东方通,2018-01-15,2017-12-15,2
300137,先河环保,2017-08-10,2017-08-10,1
002245,澳洋顺昌,2017-08-02,2017-08-02,1
002485,希努尔,2018-03-14,2018-03-14,1
002837,英维克,2018-01-15,2018-01-15,1
300058,蓝色光标,2018-03-28,2018-03-28,1
600858,银座股份,2016-04-01,2016-04-01,1
300572,安车检测,2019-01-22,2019-01-22,1
002306,*ST云网,2017-06-21,2017-12-12,2
002422,科伦药业,2018-04-20,2018-03-30,3
603016,新宏泰,2017-07-05,2017-08-02,2
300212,易华录,2017-04-28,2017-09-13,4
601020,华钰矿业,2017-06-15,2017-06-15,1
600645,中源协和,2018-06-29,2018-06-29,1
603779,威龙股份,2018-01-8,2018-01-8,1
002686,亿利达,2017-08-02,2017-08-02,1
300014,亿纬锂能,2018-01-16,2018-01-16,1
300550,和仁科技,2019-01-17,2019-01-17,1
300547,川环科技,2018-04-2,2018-04-2,1
603959,百利科技,2018-01-8,2017-11-30,4
300509,新美星,2017-12-13,2018-03-21,2
000916,华北高速,2017-12-21,2017-06-15,2
600360,华微电子,2018-01-16,2018-01-16,1
000951,中国重汽,2017-12-21,2017-12-12,4
000917,电广传媒,2018-05-14,2018-05-14,1
601880,大连港,2017-12-21,2017-12-21,1
002610,爱康科技,2017-08-24,2017-08-24,1
300012,华测检测,2017-12-19,2017-12-19,1
600064,南京高科,2017-12-12,2017-12-12,1
600030,中信证券,2019-01-10,2018-06-7,2
000571,新大洲A,2017-12-19,2017-12-19,1
603266,天龙股份,2018-04-18,2018-04-18,1
300437,清水源,2019-01-11,2019-01-11,1
002161,远望谷,2017-12-19,2018-05-24,2
603166,福达股份,2017-12-19,2017-12-19,1
002115,三维通信,2017-09-15,2017-06-01,2
600579,天华院,2017-12-19,2017-12-19,1
300118,东方日升,2018-02-23,2018-05-8,2
300406,九强生物,2017-12-15,2017-12-15,1
600048,保利地产,2016-04-07,2018-04-10,7
000902,新洋丰,2018-01-8,2018-01-8,1
000638,万方发展,2017-07-18,2017-07-18,1
002708,光洋股份,2017-12-14,2018-05-25,2
002758,华通医药,2017-09-01,2017-09-01,1
002193,如意集团,2017-12-13,2017-12-13,1
002118,紫鑫药业,2019-01-10,2017-11-09,2
000687,华讯方舟,2017-08-01,2017-12-6,2
002201,九鼎新材,2016-05-24,2017-12-6,2
300198,纳川股份,2017-12-12,2017-12-12,1
600678,四川金顶,2018-04-18,2018-04-18,1
002621,三垒股份,2017-12-12,2018-06-7,2
603138,海量数据,2018-03-9,2018-03-9,1
002345,潮宏基,2018-03-20,2018-03-20,1
300278,华昌达,2017-12-6,2017-12-6,1
600439,瑞贝卡,2018-06-29,2018-06-29,1
002130,沃尔核材,2018-03-30,2018-03-30,1
300563,神宇股份,2017-11-30,2017-11-30,1
002251,步步高,2017-11-30,2017-11-30,1
000797,中国武夷,2018-12-13,2018-12-13,1
002377,国创高新,2018-05-3,2018-05-3,1
000839,中信国安,2018-06-8,2018-06-8,1
002681,奋达科技,2017-11-30,2017-11-30,1
000887,中鼎股份,2018-04-10,2017-11-03,2
600530,交大昂立,2017-09-06,2017-09-06,1
300024,机器人,2019-02-1,2017-12-6,2
600446,金证股份,2017-07-20,2017-07-20,1
600426,华鲁恒升,2018-04-20,2018-04-20,1
300236,上海新阳,2017-11-29,2018-12-20,2
600551,时代出版,2017-06-22,2017-06-22,1
002800,天顺股份,2017-09-20,2017-09-20,1
002067,景兴纸业,2018-02-28,2018-02-28,1
603601,再升科技,2018-06-8,2017-09-11,3
600016,民生银行,2018-04-12,2017-11-13,2
300125,易世达,2018-07-18,2018-02-28,2
000539,粤电力A,2017-08-02,2017-08-02,1
600299,安迪苏,2017-12-13,2017-12-13,1
002182,云海金属,2017-11-23,2017-11-17,2
600512,腾达建设,2017-11-23,2018-04-10,2
000100,TCL集团,2019-01-7,2019-01-11,5
300130,新国都,2017-11-23,2017-11-23,1
600516,方大炭素,2017-10-17,2019-01-22,3
002217,合力泰,2017-06-20,2017-06-20,1
603797,联泰环保,2017-11-03,2017-11-03,1
000593,大通燃气,2018-03-21,2018-02-14,2
000913,钱江摩托,2017-11-22,2018-04-28,2
300592,华凯创意,2017-12-19,2017-09-14,2
600031,三一重工,2018-04-26,2018-04-17,2
000820,神雾节能,2017-11-22,2018-03-9,3
002776,柏堡龙,2017-11-03,2018-05-31,3
000807,云铝股份,2018-01-18,2018-01-31,3
000676,智度股份,2017-11-17,2017-11-17,1
300269,联建光电,2017-12-11,2017-12-11,1
000525,红太阳,2017-11-17,2017-10-12,3
300401,花园生物,2019-01-11,2019-01-11,1
002361,神剑股份,2017-09-28,2018-03-20,2
002256,兆新股份,2018-07-18,2018-07-18,1
002430,杭氧股份,2017-11-08,2017-05-19,2
603637,镇海股份,2017-11-17,2018-01-11,2
600593,大连圣亚,2017-11-08,2017-11-08,1
150150,有色800A,2017-11-03,2017-11-03,1
603861,白云电器,2017-11-03,2017-11-03,1
000928,中钢国际,2017-09-12,2017-09-21,2
000695,滨海能源,2017-11-22,2018-05-4,2
603533,掌阅科技,2017-11-08,2017-11-08,1
600873,梅花生物,2017-10-20,2018-03-23,2
002748,世龙实业,2017-10-20,2017-10-20,1
002090,金智科技,2018-12-13,2018-12-13,1
603559,中通国脉,2017-10-20,2017-10-20,1
603701,德宏股份,2017-10-20,2017-10-20,1
000547,航天发展,2017-09-14,2018-03-8,4
002273,水晶光电,2017-12-21,2017-12-21,1
600358,国旅联合,2017-10-20,2017-10-20,1
300333,兆日科技,2017-10-18,2017-10-18,1
000671,阳光城,2017-10-17,2017-09-07,3
002620,瑞和股份,2019-02-1,2019-02-1,1
600355,精伦电子,2017-10-17,2017-10-17,1
002055,得润电子,2018-03-21,2018-03-21,1
600179,安通控股,2017-04-25,2017-04-25,1
002285,世联行,2017-10-16,2017-05-17,2
600039,四川路桥,2017-09-15,2018-01-8,2
600468,百利电气,2018-04-19,2018-04-19,1
600107,美尔雅,2017-07-28,2017-07-28,1
603090,宏盛股份,2017-10-13,2017-09-20,2
600567,山鹰纸业,2017-10-13,2017-10-13,1
300283,温州宏丰,2017-10-13,2017-10-13,1
002706,良信电器,2016-04-15,2016-04-15,1
600276,恒瑞医药,2018-04-27,2017-12-6,2
603716,塞力斯,2017-10-12,2017-10-12,1
300357,我武生物,2018-03-13,2018-01-11,3
300700,岱勒新材,2018-02-28,2018-02-28,1
600228,ST昌九,2018-03-2,2018-03-2,1
600097,开创国际,2017-10-11,2017-10-11,1
002650,加加食品,2017-10-11,2017-10-11,1
600737,中粮糖业,2017-08-29,2017-08-29,1
300092,科新机电,2017-10-10,2017-10-10,1
002551,尚荣医疗,2016-03-22,2016-03-22,1
002385,大北农,2017-05-24,2017-05-24,1
002663,普邦股份,2017-03-14,2018-04-9,2
300264,佳创视讯,2018-05-11,2018-05-11,1
300324,旋极信息,2018-01-15,2018-04-18,2
300425,环能科技,2017-10-09,2017-10-09,1
002691,冀凯股份,2018-05-30,2018-05-31,3
600370,三房巷,2017-07-05,2017-07-05,1
000829,天音控股,2018-12-20,2018-12-20,1
002652,扬子新材,2016-04-15,2016-04-15,1
600836,界龙实业,2017-09-22,2017-09-22,1
600859,王府井,2018-04-28,2018-04-28,1
603027,千禾味业,2017-05-17,2017-05-17,1
000657,中钨高新,2017-09-21,2017-09-21,1
002168,深圳惠程,2017-03-15,2018-06-4,4
600160,巨化股份,2018-04-20,2018-04-20,1
002007,华兰生物,2017-11-08,2017-11-08,1
002058,威尔泰,2017-09-20,2017-09-20,1
600036,招商银行,2017-09-20,2017-09-20,1
002304,洋河股份,2018-04-27,2018-04-27,1
603169,兰石重装,2017-08-18,2017-06-14,2
300098,高新兴,2017-09-20,2017-09-20,1
002175,东方网络,2016-04-01,2018-01-31,3
000519,中兵红箭,2017-08-02,2017-08-02,1
002277,友阿股份,2017-09-15,2017-09-15,1
600970,中材国际,2017-08-10,2017-08-10,1
002739,万达电影,2019-02-1,2019-01-10,5
000001,平安银行,2018-03-15,2018-03-15,1
002128,露天煤业,2017-07-12,2017-07-12,1
300015,爱尔眼科,2017-12-15,2017-12-15,1
002335,科华恒盛,2018-02-27,2018-02-27,1
603515,欧普照明,2018-06-6,2018-06-6,1
000717,韶钢松山,2018-03-6,2018-01-16,2
300365,恒华科技,2018-03-16,2018-03-16,1
300021,大禹节水,2017-08-31,2017-08-31,1
601007,金陵饭店,2018-03-2,2018-03-2,1
300464,星徽精密,2018-07-18,2018-07-18,1
600724,宁波富达,2017-09-06,2017-09-06,1
600537,亿晶光电,2018-02-13,2018-02-13,1
002633,申科股份,2017-09-06,2017-09-06,1
600699,均胜电子,2018-05-3,2019-01-7,2
600817,ST宏盛,2017-09-06,2017-09-06,1
000679,大连友谊,2017-09-12,2017-09-12,1
601009,南京银行,2018-01-18,2018-01-18,1
002802,洪汇新材,2017-09-04,2017-09-04,1
601101,昊华能源,2018-04-24,2018-04-24,1
601699,潞安环能,2016-04-15,2017-10-13,2
600603,广汇物流,2017-09-01,2017-09-01,1
600720,祁连山,2017-10-10,2017-10-17,2
300336,新文化,2018-05-29,2018-05-29,1
300409,道氏技术,2018-04-24,2018-04-24,1
600275,ST昌鱼,2017-08-29,2017-08-29,1
002163,中航三鑫,2017-09-15,2017-09-15,1
600104,上汽集团,2018-03-30,2018-03-30,1
600765,中航重机,2017-06-30,2017-06-30,1
300446,乐凯新材,2017-08-25,2018-03-20,2
601886,江河集团,2018-05-17,2018-05-17,1
300289,利德曼,2017-08-25,2017-08-25,1
603038,华立股份,2017-09-22,2017-09-22,1
000651,格力电器,2018-04-27,2018-04-26,3
002236,大华股份,2017-08-07,2017-08-07,1
300485,赛升药业,2017-08-18,2017-08-18,1
300254,仟源医药,2017-08-16,2017-08-16,1
601700,风范股份,2016-04-12,2018-02-27,2
601600,中国铝业,2018-03-23,2018-01-31,4
300292,吴通控股,2017-08-10,2017-08-24,2
601611,中国核建,2017-08-10,2017-08-10,1
002607,亚夏汽车,2018-05-23,2018-05-23,1
600988,赤峰黄金,2016-04-11,2016-04-11,1
600291,西水股份,2017-08-03,2018-03-14,3
600422,昆药集团,2017-08-02,2017-08-02,1
002239,奥特佳,2018-04-2,2018-04-2,1
603688,石英股份,2017-08-01,2018-06-5,2
600295,鄂尔多斯,2018-02-24,2018-02-24,1
002139,拓邦股份,2018-01-16,2018-03-27,2
600689,上海三毛,2018-12-20,2018-12-20,1
600862,中航高科,2017-08-25,2017-08-25,1
603227,雪峰科技,2017-07-27,2017-07-27,1
000723,美锦能源,2017-07-26,2017-10-11,2
002053,云南能投,2017-08-04,2017-12-21,2
000983,西山煤电,2018-01-31,2018-01-31,1
002348,高乐股份,2017-07-28,2017-07-28,1
000955,欣龙控股,2018-01-16,2018-01-16,1
002605,姚记扑克,2017-07-20,2016-03-22,2
002087,新野纺织,2018-02-24,2018-02-24,1
603555,贵人鸟,2017-07-19,2017-07-19,1
000016,深康佳A,2017-07-18,2017-07-18,1
601226,华电重工,2018-03-13,2018-03-13,1
002559,亚威股份,2017-07-13,2017-07-13,1
600120,浙江东方,2018-03-14,2018-03-14,1
603798,康普顿,2016-03-24,2016-03-25,2
002015,霞客环保,2017-09-27,2017-09-27,1
300320,海达股份,2017-07-07,2018-01-30,2
000962,东方钽业,2017-07-07,2017-07-07,1
000678,襄阳轴承,2017-07-05,2017-07-05,1
002716,金贵银业,2018-05-28,2017-07-12,2
600449,宁夏建材,2017-08-18,2017-08-18,1
300505,川金诺,2017-06-02,2017-06-02,1
300350,华鹏飞,2017-07-05,2017-07-05,1
300244,迪安诊断,2017-09-20,2017-12-15,3
600461,洪城水业,2017-12-12,2017-12-12,1
300044,赛为智能,2017-06-30,2017-06-30,1
603035,常熟汽饰,2018-03-14,2018-01-11,2
300301,长方集团,2017-06-29,2017-06-29,1
603808,歌力思,2017-08-09,2017-08-09,1
002242,九阳股份,2017-06-28,2017-06-28,1
002074,国轩高科,2017-05-23,2017-05-23,1
002838,道恩股份,2018-03-27,2018-03-27,1
600577,精达股份,2017-06-27,2018-01-8,2
600083,博信股份,2017-11-29,2017-11-29,1
300532,今天国际,2018-03-27,2018-03-27,1
600885,宏发股份,2017-06-27,2017-06-27,1
300277,海联讯,2017-06-27,2017-06-27,1
000600,建投能源,2017-06-26,2017-12-6,2
600767,ST运盛,2018-01-31,2018-01-31,1
000925,众合科技,2017-06-27,2019-01-11,3
002510,天汽模,2017-06-23,2017-06-23,1
002432,九安医疗,2018-05-22,2018-05-22,1
300315,掌趣科技,2017-06-21,2016-03-24,2
002280,联络互动,2017-06-21,2017-08-02,2
002088,鲁阳节能,2018-03-15,2018-03-15,1
600783,鲁信创投,2017-06-21,2017-11-29,3
603589,口子窖,2017-06-20,2018-04-27,3
300369,绿盟科技,2017-06-15,2017-06-15,1
300249,依米康,2017-06-14,2018-06-8,2
600888,新疆众和,2017-06-13,2017-07-25,2
600738,兰州民百,2019-01-10,2019-01-10,1
000683,远兴能源,2017-06-02,2018-05-7,2
600113,浙江东日,2017-06-02,2017-06-02,1
600361,华联综超,2017-06-02,2017-06-02,1
002712,思美传媒,2019-01-9,2019-01-9,1
002008,大族激光,2018-04-24,2018-04-24,1
603826,坤彩科技,2019-01-22,2018-04-17,3
600312,平高电气,2019-02-1,2019-02-1,1
600900,长江电力,2017-05-31,2017-05-31,1
603268,松发股份,2017-05-25,2017-05-25,1
600330,天通股份,2017-11-30,2017-11-30,1
603366,日出东方,2017-06-16,2017-06-16,1
600241,时代万恒,2018-05-8,2018-05-8,1
000062,深圳华强,2017-05-19,2017-05-17,2
600660,福耀玻璃,2018-06-29,2018-06-29,1
002443,金洲管道,2017-05-12,2017-07-06,3
600887,伊利股份,2018-04-10,2018-01-11,2
000078,海王生物,2018-01-8,2018-01-8,1
603299,井神股份,2019-01-17,2019-01-17,1
002632,道明光学,2017-07-13,2017-07-13,1
002675,东诚药业,2019-01-11,2019-01-11,1
002515,金字火腿,2018-03-6,2017-08-17,2
000892,欢瑞世纪,2018-05-3,2018-05-3,1
600250,南纺股份,2016-04-07,2016-04-07,1
002785,万里石,2017-05-04,2017-10-12,2
603737,三棵树,2018-02-1,2017-09-21,2
002340,格林美,2018-02-28,2017-12-19,2
603888,新华网,2017-04-18,2017-10-17,2
600629,华建集团,2017-09-20,2018-05-15,2
000718,苏宁环球,2017-03-14,2018-12-13,2
300040,九洲电气,2017-03-10,2017-03-10,1
300057,万顺股份,2017-06-02,2017-06-02,1
300188,美亚柏科,2018-03-23,2018-03-23,1
600398,海澜之家,2016-05-26,2017-11-09,2
300228,富瑞特装,2016-03-24,2016-03-24,1
002615,哈尔斯,2016-05-24,2016-05-24,1
002518,科士达,2018-03-2,2018-03-2,1
600367,红星发展,2018-01-30,2018-01-30,1
600019,宝钢股份,2018-04-10,2018-04-10,1
000898,鞍钢股份,2018-01-18,2018-07-18,3
000858,五粮液,2016-03-28,2018-04-28,2
000930,中粮生化,2016-04-14,2018-03-7,2
000559,万向钱潮,2017-05-12,2017-10-20,2
603729,龙韵股份,2016-03-24,2017-10-18,2
002037,久联发展,2017-06-23,2017-06-23,1
002564,天沃科技,2018-12-14,2018-01-31,3
603128,华贸物流,2018-06-29,2017-05-04,2
002073,软控股份,2018-02-23,2018-02-26,2
600368,五洲交通,2018-03-16,2018-03-16,1
600732,ST新梅,2016-04-01,2017-06-06,2
600094,大名城,2018-12-13,2017-10-18,2
000636,风华高科,2018-04-10,2018-04-10,1
002001,新和成,2018-02-28,2018-04-25,2
601211,国泰君安,2019-01-10,2019-01-10,1
002065,东华软件,2018-05-28,2018-12-20,3
601360,三六零,2018-03-20,2018-02-28,3
000534,万泽股份,2018-05-25,2018-05-25,1
600519,贵州茅台,2018-04-28,2018-01-31,3
601636,旗滨集团,2017-10-11,2018-12-13,2
000980,众泰汽车,2018-05-3,2017-08-23,2
002288,超华科技,2018-03-13,2018-03-13,1
300348,长亮科技,2018-03-7,2018-03-7,1
600667,太极实业,2018-05-18,2017-08-23,3
300726,宏达电子,2018-05-11,2018-05-11,1
600149,ST坊展,2017-08-04,2017-08-04,1
000150,宜华健康,2018-05-3,2018-05-3,1
002027,分众传媒,2018-04-25,2019-02-1,2
603458,勘设股份,2018-02-24,2018-02-24,1
000732,泰禾集团,2017-08-04,2017-09-21,4
002307,北新路桥,2017-06-13,2017-06-01,2
600823,世茂股份,2019-01-7,2019-01-7,1
603843,正平股份,2018-05-7,2017-12-11,2
000408,藏格控股,2018-07-16,2017-12-21,4
601800,中国交建,2017-11-24,2018-03-13,2
300628,亿联网络,2018-04-25,2017-12-21,2
300155,安居宝,2017-06-13,2017-06-13,1
300463,迈克生物,2017-11-08,2017-11-08,1
300239,东宝生物,2018-03-9,2018-03-9,1
600209,*ST罗顿,2018-05-10,2018-05-10,1
300122,智飞生物,2017-04-25,2018-03-20,2
600340,华夏幸福,2018-04-17,2017-12-19,3
300450,先导智能,2018-02-27,2018-02-27,1
601012,隆基股份,2018-01-18,2018-03-29,2
300031,宝通科技,2017-10-17,2017-10-17,1
000948,南天信息,2018-02-23,2018-02-23,1
300676,华大基因,2019-01-10,2018-04-10,2
600674,川投能源,2018-03-30,2018-03-30,1
002051,中工国际,2016-04-01,2017-07-18,2
002587,奥拓电子,2018-05-25,2018-05-25,1
601336,新华保险,2019-01-8,2018-04-27,2
300184,力源信息,2018-04-4,2019-01-10,3
600028,中国石化,2018-03-26,2018-03-26,1
600438,通威股份,2017-09-11,2018-05-28,2
300201,海伦哲,2017-12-14,2017-12-14,1
600166,福田汽车,2018-03-7,2018-01-10,4
002103,广博股份,2018-04-13,2018-05-14,3
002880,卫光生物,2017-09-06,2017-09-06,1
300466,赛摩电气,2017-10-16,2017-10-16,1
603031,安德利,2018-01-8,2018-01-8,1
002264,新华都,2017-09-27,2017-09-27,1
603878,武进不锈,2019-01-22,2018-05-9,2
601377,兴业证券,2019-01-10,2018-01-31,2
002013,中航机电,2019-01-9,2017-08-02,3
000413,东旭光电,2017-12-13,2018-05-23,3
002060,粤水电,2019-01-30,2017-09-07,2
000959,首钢股份,2018-01-31,2018-01-31,1
002590,万安科技,2018-12-14,2018-12-14,1
000532,华金资本,2017-10-11,2017-10-11,1
300013,新宁物流,2017-08-25,2017-08-25,1
600600,青岛啤酒,2018-03-28,2017-12-21,2
600576,祥源文化,2017-12-6,2017-12-6,1
600491,龙元建设,2017-12-6,2017-11-29,7
300529,健帆生物,2019-02-14,2019-02-14,1
300182,捷成股份,2018-02-27,2017-08-03,3
600122,宏图高科,2018-12-13,2018-03-8,3
601118,海南橡胶,2018-01-18,2018-01-18,1
300691,联合光电,2018-04-17,2018-04-17,1
002586,围海股份,2017-08-09,2017-09-12,4
600896,*ST海投,2018-05-7,2018-05-7,1
603225,新凤鸣,2018-02-26,2017-07-06,2
300252,金信诺,2019-01-22,2019-01-22,1
002116,中国海诚,2017-09-22,2017-09-22,1
002922,伊戈尔,2018-01-11,2018-01-11,1
002176,江特电机,2018-03-15,2018-03-20,2
300360,炬华科技,2017-12-12,2017-12-12,1
603110,东方材料,2018-04-26,2018-04-26,1
600487,亨通光电,2018-06-6,2018-06-6,1
002255,海陆重工,2018-06-5,2018-06-5,1
002756,永兴特钢,2017-12-13,2017-09-15,5
002350,北京科锐,2018-06-29,2018-06-29,1
300096,易联众,2017-12-19,2018-05-3,4
002124,天邦股份,2018-04-9,2018-04-9,1
600376,首开股份,2019-01-10,2018-03-13,2
600176,中国巨石,2018-12-10,2018-03-20,2
000818,航锦科技,2018-06-5,2018-05-4,2
002565,顺灏股份,2019-02-13,2019-02-13,1
000014,沙河股份,2017-08-31,2017-08-31,1
002905,金逸影视,2018-04-12,2018-04-12,1
603900,莱绅通灵,2018-03-16,2018-03-16,1
300316,晶盛机电,2018-03-6,2018-05-3,3
603588,高能环境,2018-01-11,2018-01-11,1
002279,久其软件,2018-05-18,2018-05-18,1
600966,博汇纸业,2018-03-20,2018-01-30,2
601677,明泰铝业,2018-04-11,2018-04-11,1
002232,启明信息,2017-08-23,2017-08-23,1
002490,山东墨龙,2018-12-14,2018-12-14,1
603309,维力医疗,2018-03-15,2018-03-15,1
002174,游族网络,2018-12-20,2017-12-6,2
000586,汇源通信,2018-02-27,2018-02-27,1
002326,永太科技,2019-02-13,2019-02-13,1
601066,中信建投,2019-01-22,2019-01-22,1
601169,北京银行,2018-03-15,2018-03-15,1
000989,九芝堂,2017-07-28,2017-07-28,1
600602,云赛智联,2017-04-18,2017-04-18,1
002524,光正集团,2018-04-2,2018-04-2,1
002815,崇达技术,2017-09-22,2018-03-30,2
601186,中国铁建,2018-05-17,2017-09-14,5
300523,辰安科技,2017-10-20,2017-10-20,1
300504,天邑股份,2018-05-18,2018-05-18,1
300001,特锐德,2017-11-09,2018-05-7,2
601998,中信银行,2018-12-14,2018-03-27,2
600262,北方股份,2018-01-11,2018-01-11,1
600880,博瑞传播,2018-06-6,2018-06-29,3
002313,日海智能,2019-02-1,2019-02-1,1
000035,中国天楹,2017-06-05,2017-08-29,3
000926,福星股份,2017-11-03,2017-11-03,1
601838,成都银行,2019-01-10,2019-01-10,1
000584,哈工智能,2017-12-13,2017-12-13,1
300376,易事特,2017-10-10,2017-12-11,2
603333,尚纬股份,2018-12-20,2018-12-20,1
603969,银龙股份,2018-03-21,2018-03-21,1
600004,白云机场,2017-11-08,2017-10-10,3
000407,胜利股份,2019-02-13,2017-10-12,2
300747,锐科激光,2019-01-22,2019-01-22,1
002648,卫星石化,2018-04-9,2017-09-04,3
002541,鸿路钢构,2018-03-14,2018-03-14,1
001965,招商公路,2018-05-16,2018-05-16,1
002798,帝欧家居,2019-02-14,2018-07-18,2
002542,中化岩土,2018-01-10,2018-01-10,1
601888,中国国旅,2018-04-28,2018-02-27,2
601566,九牧王,2018-04-25,2018-04-25,1
002882,金龙羽,2017-12-13,2017-12-13,1
600423,*ST柳化,2017-09-21,2017-09-21,1
600233,圆通速递,2018-06-7,2018-05-30,3
300648,星云股份,2018-12-13,2018-02-1,2
000516,国际医学,2018-04-17,2018-04-17,1
002592,八菱科技,2018-06-6,2018-12-20,2
300639,凯普生物,2017-11-23,2018-06-29,2
000538,云南白药,2017-04-20,2018-04-12,2
603289,泰瑞机器,2018-04-10,2018-04-10,1
601727,上海电气,2018-06-7,2018-12-14,2
601877,正泰电器,2018-12-10,2018-12-10,1
002123,梦网集团,2018-03-7,2018-03-7,1
300672,国科微,2018-06-5,2018-06-5,1
600798,宁波海运,2018-04-19,2018-04-19,1
601688,华泰证券,2017-07-11,2018-04-27,3
600029,南方航空,2017-11-24,2017-11-24,1
000920,南方汇通,2018-04-25,2017-11-09,2
300061,康旗股份,2018-05-4,2018-05-4,1
002866,传艺科技,2018-03-13,2018-03-13,1
300206,理邦仪器,2019-01-23,2019-01-23,1
000545,金浦钛业,2017-10-11,2017-10-11,1
002419,天虹股份,2018-03-15,2018-04-26,2
000099,中信海直,2018-06-6,2018-06-6,1
001696,宗申动力,2018-05-31,2017-12-14,3
300176,鸿特科技,2019-01-18,2019-01-8,2
600515,海航基础,2018-03-13,2018-03-13,1
600338,西藏珠峰,2017-07-26,2018-01-18,2
002881,美格智能,2018-04-27,2018-04-27,1
600507,方大特钢,2018-02-24,2018-03-29,3
000737,*ST南风,2018-05-11,2018-05-11,1
300650,太龙照明,2018-03-6,2018-03-6,1
300266,兴源环境,2017-12-6,2017-12-6,1
600898,国美通讯,2017-09-07,2017-09-07,1
600555,海航创新,2018-03-8,2018-03-8,1
000999,华润三九,2017-09-14,2017-09-14,1
002630,华西能源,2017-10-12,2017-10-12,1
600021,上海电力,2017-09-22,2019-01-23,3
600844,丹化科技,2018-06-1,2018-06-1,1
002775,文科园林,2017-12-21,2017-12-21,1
600733,北汽蓝谷,2018-12-13,2018-12-13,1
002404,嘉欣丝绸,2017-11-30,2018-05-16,2
600292,远达环保,2017-12-19,2017-12-19,1
603636,南威软件,2019-01-23,2019-01-23,1
002667,鞍重股份,2018-03-21,2018-03-21,1
603283,赛腾股份,2018-06-1,2018-06-1,1
601818,光大银行,2018-12-14,2018-12-14,1
300692,中环环保,2018-05-31,2018-05-31,1
601058,赛轮轮胎,2018-12-13,2019-01-22,2
603456,九洲药业,2018-01-22,2018-01-22,1
300623,捷捷微电,2018-04-12,2018-04-12,1
601128,常熟银行,2017-12-21,2017-12-21,1
000560,我爱我家,2018-06-29,2018-06-29,1
600623,华谊集团,2018-02-27,2018-02-27,1
002325,洪涛股份,2018-03-2,2018-03-2,1
000682,东方电子,2018-05-3,2018-05-3,1
300678,中科信息,2018-04-25,2018-04-25,1
002558,巨人网络,2019-01-30,2019-01-30,1
300671,富满电子,2018-04-17,2018-04-17,1
002582,好想你,2017-06-06,2017-06-06,1
002461,珠江啤酒,2018-03-27,2018-03-27,1
600239,云南城投,2017-11-30,2017-11-30,1
000826,启迪桑德,2017-10-16,2018-04-10,2
000700,模塑科技,2017-12-21,2017-12-21,1
000042,中洲控股,2018-05-15,2018-05-15,1
002530,金财互联,2017-08-17,2017-08-17,1
601777,力帆股份,2017-12-15,2017-12-15,1
002121,科陆电子,2018-05-4,2018-05-29,2
600267,海正药业,2018-12-13,2017-11-13,2
000720,*ST新能,2019-02-13,2019-02-13,1
002572,索菲亚,2019-02-1,2019-02-1,1
600649,城投控股,2017-06-16,2017-06-16,1
300238,冠昊生物,2017-06-01,2017-06-01,1
002281,光迅科技,2019-01-23,2018-05-11,2
300545,联得装备,2018-03-9,2018-03-9,1
002526,山东矿机,2018-04-17,2018-04-17,1
000040,东旭蓝天,2018-01-31,2018-03-15,5
000563,陕国投A,2018-05-31,2018-05-31,1
300177,中海达,2018-01-31,2018-05-24,2
601669,中国电建,2018-05-10,2018-04-25,3
000158,常山北明,2018-01-10,2018-01-10,1
000967,盈峰环境,2018-07-18,2018-05-18,3
600221,海航控股,2018-12-13,2018-12-13,1
000506,中润资源,2018-02-27,2018-05-25,2
603569,长久物流,2018-04-18,2017-12-6,2
600333,长春燃气,2016-04-11,2016-04-11,1
300366,创意信息,2018-03-7,2019-01-22,3
002869,金溢科技,2018-03-7,2018-03-7,1
002508,老板电器,2018-04-10,2018-04-10,1
603806,福斯特,2018-03-16,2018-03-16,1
002609,捷顺科技,2018-01-31,2018-01-31,1
600307,酒钢宏兴,2019-01-22,2019-01-22,1
600760,中航沈飞,2017-12-13,2017-12-13,1
002790,瑞尔特,2018-03-13,2018-03-13,1
002019,亿帆医药,2018-05-16,2018-05-16,1
600238,*ST椰岛,2019-01-30,2019-01-30,1
600161,天坛生物,2017-12-14,2017-12-14,1
601100,恒立液压,2018-04-17,2018-04-17,1
600201,生物股份,2018-03-15,2018-03-15,1
601898,中煤能源,2018-03-21,2018-03-21,1
600655,豫园股份,2018-02-1,2018-02-1,1
000008,神州高铁,2018-05-18,2018-05-18,1
600420,现代制药,2017-12-12,2017-12-12,1
000418,小天鹅A,2018-03-13,2018-03-13,1
300199,翰宇药业,2019-01-8,2019-01-8,1
162717,再融资,2018-05-30,2018-05-30,1
603619,中曼石油,2018-06-8,2018-04-9,2
002196,方正电机,2017-05-05,2017-05-05,1
002546,新联电子,2017-06-01,2018-06-8,2
601108,财通证券,2018-01-31,2018-01-31,1
603007,花王股份,2018-06-29,2018-06-29,1
000690,宝新能源,2018-05-4,2018-04-12,2
002737,葵花药业,2018-03-16,2018-03-16,1
600781,辅仁药业,2018-04-9,2017-11-20,2
002050,三花智控,2018-01-8,2018-01-8,1
300451,创业软件,2019-01-30,2017-11-30,2
600096,云天化,2017-10-13,2019-01-23,2
002465,海格通信,2019-01-17,2016-05-18,2
002157,正邦科技,2017-11-13,2017-09-07,3
002674,兴业科技,2019-01-10,2019-01-10,1
300673,佩蒂股份,2018-04-11,2018-04-11,1
002278,神开股份,2018-02-24,2018-02-24,1
002908,德生科技,2017-11-03,2017-11-03,1
600753,东方银星,2017-06-01,2017-06-01,1
603580,艾艾精工,2017-11-29,2017-11-29,1
600226,瀚叶股份,2019-01-10,2019-01-10,1
002777,久远银海,2017-08-17,2017-08-24,2
002596,海南瑞泽,2018-01-10,2018-01-10,1
000632,三木集团,2018-05-25,2018-06-7,2
300145,中金环境,2018-04-26,2017-06-29,3
300089,文化长城,2018-12-10,2018-12-10,1
600681,百川能源,2018-01-11,2018-01-11,1
002488,金固股份,2018-12-20,2018-12-20,1
300079,数码科技,2019-01-22,2019-01-22,1
600428,中远海特,2018-03-14,2018-03-14,1
300226,上海钢联,2019-01-10,2019-01-10,1
300668,杰恩设计,2018-01-16,2018-01-16,1
300679,电连技术,2018-03-27,2018-03-15,2
600589,广东榕泰,2019-01-18,2019-01-18,1
600131,岷江水电,2019-01-10,2019-01-10,1
000420,吉林化纤,2018-02-27,2018-02-27,1
601212,白银有色,2018-05-11,2018-05-11,1
002086,东方海洋,2018-02-13,2018-02-13,1
000065,北方国际,2017-11-29,2017-11-29,1
002253,川大智胜,2019-01-10,2019-01-10,1
300164,通源石油,2018-05-22,2018-05-22,1
600683,京投发展,2018-03-21,2018-03-21,1
603099,长白山,2018-05-30,2018-05-30,1
600532,宏达矿业,2017-11-22,2017-05-12,2
603305,旭升股份,2017-11-24,2017-11-24,1
002024,苏宁易购,2018-01-15,2018-05-31,2
600248,延长化建,2017-12-15,2017-12-15,1
002803,吉宏股份,2018-04-9,2018-04-9,1
600366,宁波韵升,2018-04-17,2018-04-17,1
000581,威孚高科,2018-03-28,2018-03-28,1
601288,农业银行,2018-03-13,2018-04-18,2
002299,圣农发展,2018-04-24,2018-04-24,1
000616,海航投资,2018-02-23,2019-01-11,2
603086,先达股份,2019-01-17,2019-01-17,1
002038,双鹭药业,2018-05-25,2018-05-25,1
000582,北部湾港,2018-12-14,2018-12-14,1
300050,世纪鼎利,2017-05-25,2017-05-25,1
603081,大丰实业,2017-11-08,2017-11-08,1
603466,风语筑,2018-03-22,2018-04-10,2
300490,华自科技,2018-03-23,2018-03-23,1
002661,克明面业,2018-03-28,2018-06-29,2
002871,伟隆股份,2018-04-25,2018-04-25,1
002109,兴化股份,2019-02-14,2019-02-14,1
600736,苏州高新,2018-06-8,2018-06-8,1
603516,淳中科技,2018-06-29,2018-06-29,1
601313,江南嘉捷,2017-11-30,2017-11-30,1
600258,首旅酒店,2018-04-18,2018-05-29,2
601028,玉龙股份,2018-03-23,2018-03-23,1
600821,津劝业,2017-06-15,2017-06-15,1
000799,酒鬼酒,2017-08-14,2017-08-14,1
600406,国电南瑞,2017-08-18,2017-08-18,1
603612,索通发展,2018-03-20,2018-03-20,1
000776,广发证券,2018-03-7,2019-01-10,2
000050,深天马A,2017-04-25,2017-04-25,1
600284,浦东建设,2018-03-9,2018-03-9,1
002148,北纬科技,2018-06-29,2018-06-29,1
300136,信维通信,2018-03-6,2018-03-27,2
000761,本钢板材,2018-06-1,2018-06-1,1
600496,精工钢构,2018-12-13,2018-12-13,1
601689,拓普集团,2016-04-12,2017-10-20,2
600216,浙江医药,2018-03-13,2018-03-13,1
603833,欧派家居,2018-04-20,2018-04-20,1
601811,新华文轩,2017-09-20,2017-09-20,1
300296,利亚德,2018-03-27,2017-06-15,2
603602,纵横通信,2019-01-17,2019-01-17,1
000663,永安林业,2018-02-26,2018-02-26,1
002579,中京电子,2017-05-26,2017-05-26,1
002100,天康生物,2018-03-27,2018-03-27,1
603733,仙鹤股份,2018-05-24,2018-05-24,1
600704,物产中大,2017-06-02,2017-06-02,1
000736,中交地产,2018-04-12,2018-04-12,1
002426,胜利精密,2017-10-12,2017-10-12,1
601939,建设银行,2018-04-27,2018-04-27,1
002925,盈趣科技,2018-12-13,2018-12-13,1
300666,江丰电子,2017-11-23,2017-11-23,1
600133,东湖高新,2018-06-6,2018-06-6,1
300263,隆华科技,2018-12-20,2018-12-20,1
002892,科力尔,2017-09-01,2017-09-01,1
000007,全新好,2018-03-22,2018-03-22,1
601608,中信重工,2018-12-13,2017-07-06,3
603658,安图生物,2017-08-03,2017-08-03,1
600114,东睦股份,2017-08-25,2017-08-25,1
600010,包钢股份,2018-04-20,2018-04-20,1
002938,鹏鼎控股,2019-01-10,2019-01-10,1
300281,金明精机,2018-04-20,2018-04-20,1
600508,上海能源,2017-08-24,2017-08-24,1
002909,集泰股份,2018-12-13,2018-12-13,1
603730,岱美股份,2018-02-28,2018-02-28,1
002877,智能自控,2018-03-8,2018-03-8,1
300715,凯伦股份,2018-03-13,2018-03-13,1
300329,海伦钢琴,2016-05-24,2016-05-24,1
600959,江苏有线,2017-07-11,2017-07-11,1
600321,*ST正源,2019-02-13,2019-02-13,1
300083,劲胜智能,2019-01-7,2019-01-7,1
300680,隆盛科技,2017-11-03,2017-11-03,1
601988,中国银行,2018-03-30,2018-03-30,1
600400,红豆股份,2018-04-9,2018-04-20,2
002097,山河智能,2018-12-20,2018-12-20,1
300510,金冠股份,2018-12-12,2018-12-12,1
000058,深赛格,2016-03-24,2016-03-24,1
603323,吴江银行,2019-01-17,2019-01-17,1
600346,恒力股份,2017-12-15,2017-12-15,1
600283,钱江水利,2018-04-13,2018-04-13,1
002511,中顺洁柔,2018-04-17,2018-04-17,1
600628,新世界,2017-07-18,2017-07-18,1
601958,金钼股份,2018-02-23,2018-02-23,1
002402,和而泰,2019-01-8,2018-05-31,2
600877,ST嘉陵,2018-03-26,2018-03-26,1
600171,上海贝岭,2019-02-14,2019-02-14,1
600232,金鹰股份,2018-01-18,2018-01-18,1
000708,大冶特钢,2018-03-8,2018-03-8,1
002727,一心堂,2018-04-19,2018-04-19,1
601633,长城汽车,2018-07-18,2018-07-18,1
002266,浙富控股,2018-01-8,2018-01-8,1
000039,中集集团,2018-01-30,2018-01-30,1
002162,悦心健康,2018-01-18,2017-06-21,2
603326,我乐家居,2018-04-18,2018-04-18,1
000659,珠海中富,2018-12-13,2018-12-13,1
603880,南卫股份,2018-01-11,2018-01-11,1
603918,金桥信息,2017-06-06,2017-06-06,1
601002,晋亿实业,2018-01-31,2018-01-31,1
000669,金鸿控股,2018-02-24,2018-02-24,1
000422,*ST宜化,2018-05-7,2018-05-7,1
600538,国发股份,2017-05-03,2017-05-03,1
600606,绿地控股,2017-10-12,2017-10-12,1
600155,华创阳安,2019-01-9,2019-01-9,1
002879,长缆科技,2018-03-15,2018-03-15,1
002282,博深工具,2018-05-18,2018-05-18,1
603180,金牌厨柜,2018-01-10,2018-01-10,1
600082,海泰发展,2017-12-6,2017-12-6,1
300138,晨光生物,2018-12-13,2018-12-13,1
300193,佳士科技,2018-12-20,2018-12-20,1
603365,水星家纺,2018-04-11,2018-04-11,1
300581,晨曦航空,2018-04-25,2018-04-25,1
300462,华铭智能,2017-11-22,2017-11-22,1
300476,胜宏科技,2017-12-19,2017-12-19,1
300147,香雪制药,2017-12-14,2017-12-14,1
002059,云南旅游,2018-01-16,2018-01-16,1
300732,设研院,2018-03-14,2018-03-14,1
002389,航天彩虹,2018-12-13,2018-12-13,1
002597,金禾实业,2018-02-28,2018-02-28,1
601558,ST锐电,2017-07-25,2017-07-25,1
603919,金徽酒,2017-11-20,2017-11-20,1
002040,南京港,2017-08-24,2017-08-24,1
000629,攀钢钒钛,2019-01-22,2019-01-22,1
600707,彩虹股份,2016-04-13,2016-04-13,1
000009,中国宝安,2017-05-24,2017-05-24,1
600716,凤凰股份,2018-03-15,2018-03-15,1
603766,隆鑫通用,2017-11-09,2017-11-09,1
600863,内蒙华电,2018-04-17,2018-04-17,1
600251,冠农股份,2017-08-17,2017-08-17,1
000869,张裕A,2017-05-26,2017-05-26,1
000793,华闻传媒,2018-07-16,2018-07-16,1
300561,汇金科技,2018-03-2,2018-03-2,1
601225,陕西煤业,2018-03-30,2018-03-30,1
600605,汇通能源,2018-12-13,2018-12-13,1
600490,鹏欣资源,2017-06-28,2017-06-28,1
002937,兴瑞科技,2019-01-22,2019-01-22,1
002898,赛隆药业,2018-03-30,2018-03-30,1
600893,航发动力,2017-09-21,2017-09-21,1
300477,合纵科技,2017-06-23,2017-06-23,1
300530,达志科技,2018-03-28,2018-03-28,1
300660,江苏雷利,2018-04-10,2018-04-10,1
002501,利源精制,2018-02-24,2018-02-24,1
603638,艾迪精密,2018-04-20,2018-04-20,1
600297,广汇汽车,2018-05-15,2018-05-15,1
002218,拓日新能,2018-04-19,2018-04-19,1
002627,宜昌交运,2017-10-20,2017-10-20,1
300737,科顺股份,2018-12-13,2018-12-13,1
000423,东阿阿胶,2018-02-13,2018-02-13,1
000713,丰乐种业,2018-04-18,2018-04-18,1
002749,国光股份,2018-03-28,2018-03-28,1
601326,秦港股份,2018-03-30,2018-03-30,1
600025,华能水电,2018-01-30,2018-01-30,1
601919,中远海控,2017-07-07,2017-06-13,2
600006,东风汽车,2018-05-24,2018-05-24,1
300481,濮阳惠成,2018-01-10,2018-01-10,1
000066,中国长城,2018-12-14,2018-12-14,1
601828,美凯龙,2018-04-4,2018-04-4,1
