公司,开始,结束
盛运环保,2018-2-28,2019-2-14
海润光伏,2019-2-14,2019-2-14
乐视网,2017-9-22,2019-2-14
韶能股份,2017-9-07,2019-2-14
刚泰控股,2017-5-23,2019-2-14
思维列控,2019-1-10,2019-2-14
网宿科技,2017-9-15,2019-2-14
中旗股份,2017-12-21,2019-2-14
ST银山,2017-12-14,2019-2-14
世名科技,2018-1-10,2019-2-14
上电股份,2019-2-14,2019-2-14
精测电子,2018-3-29,2019-2-14
德尔股份,2017-6-23,2019-2-14
理工环科,2017-7-25,2019-2-14
新安股份,2018-1-8,2019-2-14
日月股份,2019-2-14,2019-2-14
康缘药业,2017-7-06,2019-2-14
齐鲁石化,2019-2-14,2019-2-14
国立科技,2019-2-14,2019-2-14
紫光学大,2018-1-16,2019-2-14
双象股份,2017-5-23,2019-2-14
康拓红外,2018-5-29,2019-2-14
新易盛,2018-1-30,2019-2-14
深基地B,2019-2-14,2019-2-14
中科云网,2017-6-16,2019-2-14
白云山,2018-12-20,2019-2-14
吉大通信,2019-2-14,2019-2-14
中材科技,2018-3-22,2019-2-14
美芝股份,2018-6-5,2019-2-14
500ETF,2018-1-8,2019-2-14
三超新材,2018-1-18,2019-2-14
宜宾纸业,2019-1-22,2019-2-14
华鼎股份,2019-1-11,2019-2-13
太极集团,2016-4-13,2019-2-13
渤海股份,2019-2-13,2019-2-13
经纬纺机,2018-1-10,2019-2-13
步长制药,2018-5-17,2019-2-13
川仪股份,2019-2-13,2019-2-13
天广中茂,2018-3-6,2019-2-13
明星电力,2016-4-07,2019-2-13
腾龙股份,2016-5-24,2019-2-13
杭叉集团,2019-2-13,2019-2-13
景顺食品,2017-11-09,2019-2-13
昂立教育,2018-12-12,2019-2-13
洲明科技,2017-11-03,2019-2-13
亚泰集团,2018-1-30,2019-2-13
万科B,2019-2-13,2019-2-13
环旭电子,2018-1-15,2019-2-13
天华超净,2017-6-15,2019-2-13
华瑞股份,2018-4-17,2019-2-13
正海生物,2018-5-29,2019-2-13
济民制药,2018-6-29,2019-2-13
青岛金王,2018-1-11,2019-2-13
银华消费A,2018-3-8,2019-2-13
*ST毅达,2019-2-13,2019-2-13
新纶科技,2019-2-14,2019-2-13
天顺风能,2018-3-9,2019-2-13
康力电梯,2018-3-8,2019-2-13
创维数字,2018-4-9,2019-2-13
顺发恒业,2018-3-27,2019-2-13
国新B股,2019-2-13,2019-2-13
黑芝麻,2018-1-8,2019-2-13
健友股份,2018-4-17,2019-2-1
徐工机械,2016-4-15,2019-2-1
绝味食品,2018-4-27,2019-2-1
信隆健康,2017-10-20,2019-2-1
万林股份,2019-2-1,2019-2-1
昆仑万维,2017-7-25,2019-2-1
江苏索普,2018-4-11,2019-2-1
数源科技,2019-2-1,2019-2-1
寒锐钴业,2018-4-26,2019-2-1
扬农化工,2017-4-28,2019-2-1
天银机电,2017-10-09,2019-2-1
印纪传媒,2017-11-17,2019-2-1
南华仪器,2019-1-22,2019-2-1
深南股份,2018-3-27,2019-2-1
七匹狼,2017-8-14,2019-2-1
金通灵,2017-7-06,2019-2-1
泰尔股份,2018-3-13,2019-2-1
大洋电机,2017-6-21,2019-2-1
百花村,2018-2-23,2019-2-1
南京聚隆,2019-2-1,2019-2-1
宝信软件,2017-6-13,2019-2-1
招商轮船,2019-1-22,2019-2-1
中国人寿,2018-1-31,2019-1-30
雅本化学,2017-6-20,2019-1-30
券商B,2017-7-05,2019-1-30
苏常柴B,2017-10-12,2019-1-30
宁德时代,2019-1-30,2019-1-30
莎普爱思,2017-12-21,2019-1-30
ST慧球,2017-7-20,2019-1-30
盐湖YHP1,2019-1-30,2019-1-30
华录百纳,2018-3-22,2019-1-30
方盛制药,2019-2-14,2019-1-30
丰原药业,2018-5-15,2019-1-30
鸿利智汇,2017-5-03,2019-1-30
山大华特,2017-7-28,2019-1-30
中国太保,2017-10-18,2019-1-30
嘉麟杰,2018-1-15,2019-1-30
人福医药,2018-5-4,2019-1-30
江西铜业,2018-3-29,2019-1-30
量子高科,2018-4-26,2019-1-30
东电B股,2018-5-30,2019-1-30
天域生态,2017-11-22,2019-1-30
养老B,2019-1-30,2019-1-30
西宁特钢,2018-4-10,2019-1-30
劲拓股份,2017-12-15,2019-1-30
江淮汽车,2017-5-23,2019-1-30
环保A级,2017-6-15,2019-1-30
嘉凯城,2018-3-26,2019-1-30
金力泰,2017-5-03,2019-1-30
中航军A,2017-10-17,2019-1-30
长园集团,2017-6-01,2019-1-30
天翔环境,2018-2-23,2019-1-30
蓝光发展,2018-1-8,2019-1-30
佛山照明,2017-11-17,2019-1-30
高升控股,2019-1-30,2019-1-30
集友股份,2018-3-29,2019-1-30
香港中小,2018-3-23,2019-1-30
和佳股份,2018-5-10,2019-1-30
环保A端,2017-7-07,2019-1-30
神州长城,2017-7-28,2019-1-30
中再资环,2019-1-30,2019-1-30
贵研铂业,2017-8-24,2019-1-30
上50B,2017-5-27,2019-1-30
山东章鼓,2018-12-13,2019-1-30
焦作万方,2017-11-09,2019-1-30
斯太尔,2017-5-23,2019-1-30
深纺织A,2018-1-10,2019-1-30
荣丰控股,2018-3-29,2019-1-30
中国联通,2017-11-29,2019-1-30
飞马国际,2018-3-16,2019-1-30
华银电力,2019-1-30,2019-1-30
宝利国际,2018-5-25,2019-1-30
锦江股份,2019-1-30,2019-1-30
古井贡B,2018-4-28,2019-1-30
金发拉比,2017-8-18,2019-1-30
达华智能,2018-1-18,2019-1-30
证券B端,2017-9-28,2019-1-30
双成药业,2017-12-13,2019-1-30
大众交通,2019-2-14,2019-1-30
复星医药,2018-5-10,2019-1-30
奥马电器,2018-4-20,2019-1-30
山东金泰,2019-2-13,2019-1-30
骅威文化,2018-6-5,2019-1-30
怡球资源,2018-5-22,2019-1-30
银河电子,2017-12-21,2019-1-30
皇氏集团,2018-3-16,2019-1-30
华东数控,2018-4-26,2019-1-30
诺力股份,2018-3-28,2019-1-30
华电国际,2018-4-28,2019-1-30
*ST众和,2017-12-21,2019-1-30
同瑞A,2019-1-30,2019-1-30
移为通信,2018-4-19,2019-1-30
大化B股,2018-1-31,2019-1-30
宁波热电,2019-1-30,2019-1-30
0501R028,2018-1-15,2019-1-30
鹏华银行A,2019-1-30,2019-1-30
德豪润达,2016-4-15,2019-1-30
深F200,2019-1-30,2019-1-30
中富通,2017-12-21,2019-1-30
福安药业,2017-7-27,2019-1-30
盘江股份,2017-8-29,2019-1-30
通润装备,2018-1-8,2019-1-30
广东鸿图,2018-5-18,2019-1-30
麦达数字,2019-1-30,2019-1-30
交易货币,2019-1-30,2019-1-30
机电B股,2017-8-10,2019-1-30
汉邦高科,2017-7-13,2019-1-30
天润数娱,2018-4-17,2019-1-30
鼎利定增,2018-5-23,2019-1-30
同洲电子,2018-12-20,2019-1-30
陆家嘴,2017-12-19,2019-1-30
互利债B,2018-4-24,2019-1-30
延华智能,2017-5-26,2019-1-30
浩云科技,2019-1-17,2019-1-30
*ST南电A,2018-3-23,2019-1-30
向日葵,2018-12-13,2019-1-30
东吴100,2019-1-30,2019-1-30
香江控股,2017-12-15,2019-1-30
中大力德,2017-9-13,2019-1-30
国栋建设,2019-1-30,2019-1-30
海波重科,2017-6-27,2019-1-30
华锋股份,2017-12-6,2019-1-30
榕基软件,2017-11-22,2019-1-30
易尚展示,2019-1-30,2019-1-30
金冠电气,2017-7-31,2019-1-30
银华日利,2018-5-9,2019-1-30
银邦股份,2017-6-22,2019-1-23
银华稳进,2017-10-17,2019-1-23
赛象科技,2018-3-30,2019-1-23
天鹅股份,2018-4-10,2019-1-23
融通货币,2018-4-28,2019-1-23
宜通世纪,2017-9-20,2019-1-23
0501R091,2017-5-31,2019-1-23
万业企业,2017-8-18,2019-1-23
瑞丰高材,2017-11-20,2019-1-23
凯龙股份,2019-1-10,2019-1-23
科斯伍德,2018-3-21,2019-1-23
双林股份,2016-5-19,2019-1-23
燕塘乳业,2017-11-30,2019-1-23
潍柴重机,2018-4-12,2019-1-23
广汇能源,2019-1-30,2019-1-23
哈森股份,2018-3-13,2019-1-23
天龙光电,2017-9-06,2019-1-23
中矿资源,2019-1-11,2019-1-23
立昂技术,2018-5-3,2019-1-23
中天科技,2017-10-18,2019-1-23
远方信息,2017-9-07,2019-1-23
万家利B,2019-1-23,2019-1-23
江铃汽车,2018-1-16,2019-1-23
扬杰科技,2017-9-28,2019-1-23
亚翔集成,2017-11-30,2019-1-23
贝达药业,2017-11-08,2019-1-23
金卡智能,2017-10-11,2019-1-23
东方金钰,2019-1-23,2019-1-23
沧州明珠,2018-1-30,2019-1-23
标普500,2019-1-23,2019-1-23
*ST皇台,2017-6-28,2019-1-23
长江证券,2017-5-24,2019-1-23
升华拜克,2017-11-29,2019-1-23
中国北车,2018-3-28,2019-1-23
柳化股份,2018-5-9,2019-1-23
爱施德,2019-1-23,2019-1-23
弘业股份,2019-1-23,2019-1-23
方正证券,2018-3-20,2019-1-23
维格娜丝,2018-4-17,2019-1-23
ST康得新,2019-1-23,2019-1-23
香梨股份,2019-1-23,2019-1-23
拉芳家化,2018-5-16,2019-1-23
GC001,2018-3-9,2019-1-22
伟星股份,2019-1-22,2019-1-22
新能B级,2019-1-22,2019-1-22
铜陵有色,2018-2-1,2019-1-22
石油大明,2019-1-22,2019-1-22
龙头股份,2016-4-07,2019-1-22
科华控股,2019-1-22,2019-1-22
R002,2019-1-22,2019-1-22
天泽信息,2017-12-12,2019-1-22
美达股份,2017-9-20,2019-1-22
阳泉煤业,2017-8-29,2019-1-22
扬子石化,2017-9-22,2019-1-22
三维股份,2017-11-23,2019-1-22
*ST山水,2018-1-16,2019-1-22
明牌珠宝,2018-5-3,2019-1-22
昌红科技,2017-8-18,2019-1-22
深TMT,2018-12-13,2019-1-22
楚天科技,2017-12-15,2019-1-22
大成定增,2018-4-10,2019-1-22
大唐电信,2019-1-22,2019-1-22
大东方,2019-1-22,2019-1-22
中光防雷,2018-5-29,2019-1-22
长城电工,2018-7-16,2019-1-22
迪马股份,2018-12-13,2019-1-22
傲农生物,2017-11-09,2019-1-22
齐翔腾达,2017-8-10,2019-1-22
首航节能,2018-6-5,2019-1-22
雄韬股份,2018-1-31,2019-1-22
乐通股份,2017-12-15,2019-1-22
三峡水利,2017-9-14,2019-1-22
厚普股份,2018-2-24,2019-1-22
国泰价值,2018-12-13,2019-1-22
森远股份,2019-1-22,2019-1-22
启迪设计,2017-11-24,2019-1-22
信质电机,2017-8-23,2019-1-22
双箭股份,2017-5-31,2019-1-22
南京新百,2018-3-7,2019-1-22
民和股份,2017-12-19,2019-1-22
丰泽B,2019-1-22,2019-1-22
综指ETF,2019-1-22,2019-1-22
双良节能,2018-2-1,2019-1-22
中科新材,2018-3-16,2019-1-18
ST华泽,2018-1-16,2019-1-18
元隆雅图,2018-3-6,2019-1-18
宋城演艺,2019-1-18,2019-1-18
海天精工,2017-11-30,2019-1-18
龙泉股份,2017-12-15,2019-1-18
合康新能,2018-4-9,2019-1-18
惠而浦,2018-1-22,2019-1-18
*ST常林,2017-9-11,2019-1-18
GQY视讯,2018-3-16,2019-1-18
山西焦化,2018-4-26,2019-1-18
中葡股份,2017-10-10,2019-1-18
中视传媒,2017-11-29,2019-1-18
江粉磁材,2019-1-18,2019-1-18
资源B,2019-1-18,2019-1-18
添利B,2019-1-18,2019-1-18
国光电器,2017-7-28,2019-1-18
嘉化能源,2018-3-7,2019-1-17
麦捷科技,2017-8-18,2019-1-17
江山化工,2019-1-17,2019-1-17
重庆水务,2017-10-20,2019-1-17
广联达,2017-12-14,2019-1-17
金雷风电,2017-5-12,2019-1-17
0509R091,2019-1-17,2019-1-17
楚天高速,2017-6-27,2019-1-17
恒生B,2017-12-13,2019-1-17
涪陵榨菜,2016-3-29,2019-1-17
宝泰隆,2017-8-03,2019-1-17
银鸽投资,2017-10-13,2019-1-17
添富贵金,2019-1-17,2019-1-17
美都能源,2018-3-8,2019-1-17
景旺电子,2019-1-17,2019-1-17
康德莱,2018-4-20,2019-1-14
安阳钢铁,2018-3-16,2019-1-14
国投瑞盈,2017-9-22,2019-1-14
ST冠福,2019-1-14,2019-1-14
四川美丰,2017-8-16,2019-1-14
诺德股份,2017-9-28,2019-1-14
富国天锋,2017-5-23,2019-1-14
广田集团,2019-1-14,2019-1-14
渤海轮渡,2018-3-21,2019-1-14
海天味业,2018-3-23,2019-1-14
平安鼎泰,2018-1-18,2019-1-14
东证睿阳,2019-1-14,2019-1-14
太平洋,2018-4-10,2019-1-11
数字政通,2017-12-6,2019-1-11
万兴科技,2018-4-10,2019-1-11
深成指B,2019-1-9,2019-1-11
*ST油工,2018-5-21,2019-1-11
五矿发展,2017-7-20,2019-1-11
中国科传,2018-4-10,2019-1-11
厦门港务,2017-12-6,2019-1-11
蓝帆医疗,2016-4-14,2019-1-11
武汉中商,2019-1-10,2019-1-11
火炬电子,2018-4-17,2019-1-11
坚瑞沃能,2018-4-17,2019-1-11
巨星科技,2017-12-19,2019-1-11
沈阳机床,2019-1-11,2019-1-11
基金金泰,2018-5-9,2019-1-11
兰花科创,2017-11-22,2019-1-11
必创科技,2018-12-14,2019-1-11
玲珑轮胎,2019-1-18,2019-1-11
宝钢CWB1,2019-1-11,2019-1-11
惠伦晶体,2019-1-11,2019-1-11
中持股份,2018-1-10,2019-1-11
孚日股份,2017-8-16,2019-1-11
浔兴股份,2017-8-16,2019-1-11
瑞康医药,2018-12-13,2019-1-11
金麒麟,2019-1-11,2019-1-11
航民股份,2018-3-23,2019-1-11
证券分级,2019-1-11,2019-1-11
中国动力,2017-12-19,2019-1-11
德新交运,2018-6-5,2019-1-11
太平鸟,2017-8-14,2019-1-11
国统股份,2017-11-24,2019-1-11
航天电子,2018-1-30,2019-1-11
国民技术,2017-8-16,2019-1-11
万家乐,2016-3-28,2019-1-11
中新药业,2018-5-4,2019-1-11
上海亚虹,2019-1-11,2019-1-11
平煤股份,2018-12-13,2019-1-11
金晶科技,2018-4-11,2019-1-11
苏试试验,2018-1-8,2019-1-11
恺英网络,2018-6-5,2019-1-11
三雄极光,2018-3-28,2019-1-11
广誉远,2017-12-6,2019-1-11
建信添益,2019-1-11,2019-1-11
ST中基,2017-10-13,2019-1-10
片仔癀,2018-3-14,2019-1-10
海能达,2018-6-29,2019-1-10
合众思壮,2018-3-20,2019-1-10
建信50B,2018-2-27,2019-1-10
沪普天B,2019-1-10,2019-1-10
永高股份,2017-5-24,2019-1-10
同庆B,2018-5-11,2019-1-10
科林环保,2017-6-20,2019-1-10
海辰药业,2019-1-10,2019-1-10
证通电子,2018-3-14,2019-1-10
五洲新春,2018-4-12,2019-1-10
横河模具,2019-1-10,2019-1-10
平庄能源,2019-1-10,2019-1-10
中国化学,2017-12-12,2019-1-10
达实智能,2017-12-12,2019-1-10
蓝丰生化,2017-7-11,2019-1-10
西部建设,2017-12-15,2019-1-10
常山股份,2019-1-10,2019-1-10
富临运业,2018-4-18,2019-1-10
晶方科技,2017-11-29,2019-1-10
建摩B,2018-1-30,2019-1-10
金融街,2017-8-18,2019-1-10
海信科龙,2019-1-10,2019-1-10
智光电气,2018-5-4,2019-1-10
盛讯达,2019-1-10,2019-1-10
富祥股份,2018-4-12,2019-1-10
中储股份,2019-1-10,2019-1-10
易成新能,2018-4-10,2019-1-10
华体科技,2017-8-10,2019-1-10
康美药业,2018-1-10,2019-1-10
非周ETF,2017-12-19,2019-1-10
基金开元,2019-1-10,2019-1-10
联美控股,2017-10-17,2019-1-10
朗迪集团,2018-4-28,2019-1-10
深证100,2017-9-07,2019-1-10
两面针,2017-6-29,2019-1-10
富临精工,2016-5-18,2019-1-10
0601R007,2019-1-10,2019-1-10
南京证券,2019-1-10,2019-1-10
光明地产,2017-10-11,2019-1-10
荣晟环保,2018-1-31,2019-1-10
*ST金宇,2019-1-10,2019-1-10
东方新星,2019-1-22,2019-1-10
中原证券,2017-10-11,2019-1-10
杭萧钢构,2018-6-7,2019-1-10
西南证券,2018-12-13,2019-1-10
高铁B级,2019-1-10,2019-1-10
一汽夏利,2017-7-20,2019-1-10
常山药业,2017-10-09,2019-1-10
成长ETF,2018-2-14,2019-1-10
鲁抗医药,2018-12-20,2019-1-10
湖北能源,2017-9-20,2019-1-10
中国建筑,2018-2-27,2019-1-10
青松建化,2017-11-03,2019-1-10
阳普医疗,2017-3-10,2019-1-10
路桥建设,2016-3-22,2019-1-10
海兰信,2019-1-10,2019-1-10
沪电股份,2017-11-30,2019-1-10
正裕工业,2017-12-13,2019-1-10
汇嘉时代,2018-4-13,2019-1-10
神州数码,2018-5-16,2019-1-10
上实发展,2018-2-1,2019-1-10
医药B,2018-4-13,2019-1-10
隧道股份,2017-11-22,2019-1-10
长航凤凰,2017-10-13,2019-1-10
天成控股,2017-4-24,2019-1-10
深深宝A,2018-4-4,2019-1-10
黔轮胎A,2018-4-3,2019-1-10
中华企业,2019-1-10,2019-1-10
全筑股份,2017-12-12,2019-1-10
鲁商置业,2018-12-14,2019-1-10
东方网力,2016-5-18,2019-1-10
音飞储存,2017-7-27,2019-1-10
史丹利,2016-4-12,2019-1-10
中国西电,2018-3-30,2019-1-10
国投金融,2018-5-25,2019-1-10
诚邦股份,2019-1-10,2019-1-10
幸福蓝海,2018-3-30,2019-1-10
东风股份,2019-1-10,2019-1-10
信息B,2018-5-16,2019-1-10
泰信400A,2018-5-10,2019-1-10
博实股份,2018-6-5,2019-1-10
鹏起科技,2018-1-31,2019-1-10
康斯特,2017-12-15,2019-1-10
易基黄金,2019-1-10,2019-1-10
新晨科技,2018-5-30,2019-1-10
先锋电子,2018-6-8,2019-1-10
张家界,2016-3-22,2019-1-10
家家悦,2018-4-10,2019-1-10
大冷股份,2019-1-10,2019-1-10
荣华实业,2018-3-27,2019-1-10
上海九百,2019-1-10,2019-1-10
中体产业,2018-3-27,2019-1-10
宝信B,2017-9-15,2019-1-10
皇庭国际,2018-12-10,2019-1-10
广信股份,2017-8-18,2019-1-10
熙菱信息,2018-5-31,2019-1-10
海立股份,2017-8-01,2019-1-10
泰晶科技,2018-3-14,2019-1-10
中兴通讯,2018-4-26,2019-1-10
万科A,2018-4-26,2019-1-10
1000ETF,2019-1-9,2019-1-9
可立克,2018-6-7,2019-1-9
华夏银行,2018-4-20,2019-1-9
三圣股份,2018-2-23,2019-1-9
资源A,2017-7-20,2019-1-9
皖通高速,2018-12-12,2019-1-9
双汇发展,2018-4-25,2019-1-9
多喜爱,2018-12-13,2019-1-9
三祥新材,2019-1-8,2019-1-9
英飞拓,2018-5-18,2019-1-9
山鼎设计,2017-8-04,2019-1-9
*ST德奥,2018-6-5,2019-1-8
普利制药,2018-4-20,2019-1-8
四环生物,2017-7-12,2019-1-8
众兴菌业,2018-12-14,2019-1-8
广电运通,2016-3-23,2019-1-8
金域医学,2019-1-8,2019-1-8
180EWETF,2019-1-8,2019-1-8
达安股份,2018-4-28,2019-1-8
上海家化,2017-12-6,2019-1-8
茂业商业,2016-4-07,2019-1-8
瀚蓝环境,2019-1-8,2019-1-8
光电股份,2019-1-8,2019-1-8
巨轮智能,2016-4-15,2019-1-8
*ST韶钢,2017-7-27,2019-1-8
兴民智通,2019-1-7,2019-1-7
易货币,2019-1-7,2019-1-7
海南矿业,2018-12-13,2019-1-7
现金添富,2018-12-20,2018-12-20
美国消费,2017-9-04,2018-12-20
吉林敖东,2018-2-23,2018-12-20
博云新材,2017-9-12,2018-12-20
上海莱士,2019-2-14,2018-12-20
亚泰国际,2018-12-20,2018-12-20
华商500B,2018-12-20,2018-12-20
生益科技,2017-11-03,2018-12-20
首创股份,2017-9-15,2018-12-20
精研科技,2018-12-20,2018-12-20
新泉股份,2018-3-26,2018-12-20
上药转换,2017-9-28,2018-12-20
宝光股份,2018-12-20,2018-12-20
中百集团,2019-2-1,2018-12-20
高铁A端,2018-12-20,2018-12-20
山西汾酒,2018-1-30,2018-12-20
天马股份,2018-12-20,2018-12-20
鼎信通讯,2017-11-08,2018-12-20
西藏发展,2018-12-14,2018-12-14
双环科技,2018-12-14,2018-12-14
宝莫股份,2018-1-11,2018-12-14
天能重工,2017-10-17,2018-12-14
湖北广电,2017-9-04,2018-12-14
同庆800A,2018-12-14,2018-12-14
粤传媒,2018-4-20,2018-12-14
中房股份,2016-4-07,2018-12-14
数码视讯,2018-3-13,2018-12-14
众应互联,2018-12-13,2018-12-14
西部资源,2017-8-14,2018-12-14
赛轮金宇,2018-5-4,2018-12-14
中原内配,2018-3-16,2018-12-14
广日股份,2017-5-31,2018-12-14
博敏电子,2017-11-30,2018-12-14
红相股份,2018-12-14,2018-12-14
美的电器,2017-9-13,2018-12-14
雪莱特,2017-12-12,2018-12-14
沃特股份,2018-12-14,2018-12-14
光韵达,2018-4-3,2018-12-14
汇金通,2017-12-19,2018-12-14
爱仕达,2017-11-03,2018-12-14
宁波富邦,2017-11-22,2018-12-14
宏大爆破,2017-8-24,2018-12-14
安信宝利,2018-12-14,2018-12-14
透景生命,2018-4-19,2018-12-14
东旭B,2018-4-11,2018-12-14
东方时尚,2018-12-12,2018-12-14
价值ETF,2017-12-15,2018-12-14
恒康医疗,2017-11-13,2018-12-13
葛洲CWB1,2018-12-13,2018-12-13
信雅达,2018-12-14,2018-12-13
老百姓,2017-12-19,2018-12-13
神州信息,2016-3-24,2018-12-13
万里马,2018-1-18,2018-12-13
顾地科技,2018-4-25,2018-12-13
ST狮头,2017-10-10,2018-12-13
新农开发,2018-12-13,2018-12-13
美康生物,2016-5-26,2018-12-13
美丽生态,2017-12-21,2018-12-13
融通添利,2018-12-13,2018-12-13
大富科技,2018-4-9,2018-12-13
老凤祥B,2018-5-2,2018-12-13
融通农业,2018-1-31,2018-12-13
宝塔实业,2018-3-13,2018-12-13
TMT中证B,2017-11-22,2018-12-13
天海防务,2017-12-6,2018-12-13
蒙草生态,2017-7-26,2018-12-13
格力地产,2018-12-13,2018-12-13
牧高笛,2018-5-22,2018-12-13
合润B,2018-12-13,2018-12-13
鲁西化工,2018-2-23,2018-12-13
迪威迅,2018-2-14,2018-12-13
朗源股份,2018-5-31,2018-12-13
中小等权,2018-12-13,2018-12-13
ST大控,2018-12-13,2018-12-13
杭钢股份,2018-12-13,2018-12-13
北方华创,2017-3-17,2018-12-13
聚光科技,2018-3-28,2018-12-13
光环新网,2017-11-08,2018-12-13
捷荣技术,2018-3-28,2018-12-13
全指能源,2017-8-01,2018-12-13
蓝海华腾,2018-12-12,2018-12-12
佳都科技,2018-3-6,2018-12-12
大成优选,2018-12-12,2018-12-12
誉衡药业,2017-11-23,2018-12-12
巴安水务,2018-3-13,2018-12-12
邦宝益智,2018-5-4,2018-12-12
中核科技,2017-10-10,2018-12-12
银亿股份,2017-11-09,2018-12-10
奥克股份,2019-1-17,2018-12-10
汇鸿集团,2017-10-16,2018-12-10
创业板基,2018-12-10,2018-12-10
美克家居,2017-11-23,2018-12-10
网金融A,2018-12-10,2018-12-10
恒宝股份,2018-12-10,2018-12-10
永东股份,2017-7-13,2018-12-10
旷达科技,2017-9-27,2018-12-10
紫金矿业,2018-12-10,2018-12-10
康尼机电,2018-12-10,2018-12-10
通用股份,2017-8-04,2018-12-10
国投资源,2017-11-30,2018-12-10
招商快线,2018-12-10,2018-12-10
马钢股份,2018-1-30,2018-7-18
国盛金控,2018-2-13,2018-7-18
汉得信息,2018-7-18,2018-7-18
文山电力,2018-7-18,2018-7-18
康弘药业,2017-12-21,2018-7-18
立思辰,2017-12-14,2018-7-18
海立美达,2018-5-22,2018-7-18
三川智慧,2018-7-18,2018-7-18
世纪游轮,2017-11-22,2018-7-18
春兰股份,2018-7-18,2018-7-18
新天药业,2018-3-28,2018-7-18
华东科技,2018-4-13,2018-7-18
实达集团,2018-3-20,2018-7-18
百洋股份,2018-1-30,2018-7-18
国药股份,2018-3-23,2018-7-18
奥飞娱乐,2018-1-30,2018-7-18
证券A端,2018-3-30,2018-7-18
英力特,2017-10-12,2018-7-18
基蛋生物,2018-4-11,2018-7-18
*ST钱江,2018-7-18,2018-7-18
今世缘,2018-4-2,2018-7-18
猛狮科技,2017-11-29,2018-7-16
华仪电气,2016-3-22,2018-7-16
齐心集团,2018-6-5,2018-7-16
金洲慈航,2018-6-7,2018-7-16
利尔化学,2018-2-1,2018-7-16
汇川技术,2018-3-15,2018-7-16
长飞光纤,2018-7-16,2018-7-16
汉森制药,2017-12-13,2018-7-16
梦网荣信,2018-3-2,2018-7-16
抚顺特钢,2017-12-21,2018-7-16
华海药业,2016-3-29,2018-7-16
民生添利,2017-9-20,2018-7-16
建信信用,2018-7-16,2018-7-16
中南传媒,2016-3-23,2018-7-16
江苏吴中,2017-8-23,2018-6-29
晨化股份,2017-11-08,2018-6-29
华平股份,2018-5-8,2018-6-29
渝三峡A,2017-11-29,2018-6-29
恒锋工具,2017-7-17,2018-6-29
欧普康视,2018-3-30,2018-6-29
中装建设,2018-4-17,2018-6-29
科迪乳业,2018-2-27,2018-6-29
南风股份,2018-12-12,2018-6-29
广生堂,2017-7-31,2018-6-29
天士力,2017-8-16,2018-6-29
文投控股,2018-3-6,2018-6-29
天宸股份,2018-4-9,2018-6-29
天源迪科,2018-6-29,2018-6-29
凯瑞德,2017-6-16,2018-6-29
远大控股,2017-5-19,2018-6-29
秀强股份,2017-3-14,2018-6-29
京汉股份,2017-9-12,2018-6-29
民生控股,2018-6-29,2018-6-29
标普生物,2018-6-29,2018-6-29
苏利股份,2018-4-19,2018-6-29
证券A,2018-6-29,2018-6-29
*ST龙力,2018-5-3,2018-6-29
粤宏远A,2017-10-10,2018-6-29
跃岭股份,2017-12-21,2018-6-29
*ST创智,2018-6-29,2018-6-29
医疗B,2018-4-13,2018-6-29
隆基机械,2017-7-26,2018-6-29
金能科技,2017-8-18,2018-6-8
北巴传媒,2018-3-2,2018-6-8
步森股份,2018-6-7,2018-6-8
上海梅林,2018-3-15,2018-6-8
杰瑞股份,2017-5-24,2018-6-8
秋林集团,2018-5-22,2018-6-8
海螺水泥,2018-4-25,2018-6-8
麦趣尔,2017-5-19,2018-6-8
证保B级,2018-6-8,2018-6-8
丽珠B,2017-7-06,2018-6-8
普莱柯,2018-5-25,2018-6-8
奥佳华,2018-6-8,2018-6-8
国泰商品,2018-6-8,2018-6-8
香溢融通,2017-5-25,2018-6-8
宝德股份,2018-1-10,2018-6-8
金地集团,2018-3-8,2018-6-8
华懋科技,2017-11-23,2018-6-8
棒杰股份,2018-6-8,2018-6-8
九泰锐丰,2017-12-14,2018-6-8
美力科技,2017-11-08,2018-6-8
国金50,2018-6-7,2018-6-7
兆易创新,2018-3-2,2018-6-7
徕木股份,2018-3-14,2018-6-7
石基信息,2018-6-7,2018-6-7
基金安顺,2018-5-4,2018-6-7
宝馨科技,2017-10-20,2018-6-7
深天地A,2017-7-12,2018-6-7
方正科技,2018-1-16,2018-6-7
亚太药业,2017-8-23,2018-6-7
海立B股,2018-5-22,2018-6-7
百傲化学,2018-4-17,2018-6-7
莱宝高科,2018-4-23,2018-6-7
海鸥股份,2018-6-7,2018-6-7
鸿博股份,2017-5-05,2018-6-7
华中数控,2018-6-7,2018-6-7
国泰黄金,2017-3-10,2018-6-7
永吉股份,2018-2-1,2018-6-7
奥维通信,2017-5-27,2018-6-7
武昌鱼,2018-6-7,2018-6-7
京新药业,2018-2-14,2018-6-7
弘信电子,2019-1-9,2018-6-7
海南航空,2018-6-7,2018-6-7
当代东方,2018-2-23,2018-6-7
中证90B,2018-6-7,2018-6-7
起步股份,2018-6-7,2018-6-7
岳阳林纸,2018-3-20,2018-6-7
招商增荣,2017-9-20,2018-6-7
西陇科学,2018-6-1,2018-6-7
新界泵业,2016-5-18,2018-6-7
雏鹰农牧,2018-3-8,2018-6-7
银华300,2018-6-7,2018-6-7
泰和新材,2018-6-7,2018-6-7
陕西金叶,2017-12-14,2018-6-7
长信利众,2018-6-7,2018-6-7
晶瑞股份,2018-5-25,2018-6-7
三鑫医疗,2018-6-7,2018-6-7
维维股份,2017-9-21,2018-6-6
星光农机,2018-6-6,2018-6-6
合锻智能,2018-6-6,2018-6-6
深物业A,2017-8-31,2018-6-6
华光股份,2018-3-30,2018-6-6
交银添利,2018-6-6,2018-6-6
合肥百货,2017-9-14,2018-6-6
恒顺醋业,2017-11-29,2018-6-6
邦讯技术,2018-2-24,2018-6-6
三毛派神,2017-8-16,2018-6-6
龙源技术,2018-1-10,2018-6-6
天圣制药,2019-1-23,2018-6-6
通化东宝,2017-9-06,2018-6-6
万家创A,2018-6-6,2018-6-6
锦龙股份,2017-9-21,2018-6-5
通富微电,2018-2-28,2018-6-5
成发科技,2018-6-5,2018-6-5
科融环境,2017-7-25,2018-6-5
航天电器,2017-6-30,2018-6-5
退市吉恩,2018-5-30,2018-6-5
永辉超市,2018-4-20,2018-6-5
法拉电子,2018-4-4,2018-6-5
积成电子,2019-1-30,2018-6-5
信达增利,2017-11-30,2018-6-5
徐家汇,2017-6-02,2018-6-5
粤泰股份,2018-4-28,2018-6-5
黄金ETF,2017-6-30,2018-6-5
梦舟股份,2018-2-1,2018-6-5
嘉实黄金,2018-2-27,2018-6-5
西部证券,2018-2-28,2018-6-4
*ST猴王,2018-6-4,2018-6-4
治理ETF,2018-6-4,2018-6-4
当升科技,2018-5-29,2018-6-4
四川双马,2017-12-14,2018-6-4
纽威股份,2017-9-14,2018-6-4
真视通,2017-9-01,2018-6-4
广电电气,2017-5-27,2018-6-1
锦富技术,2018-6-5,2018-6-1
成都路桥,2018-1-31,2018-6-1
西昌电力,2018-4-19,2018-6-1
融钰集团,2018-5-16,2018-6-1
供销大集,2018-5-28,2018-6-1
长川科技,2018-4-25,2018-6-1
E金融A,2018-6-1,2018-6-1
新雷能,2018-3-27,2018-6-1
海大集团,2017-9-15,2018-6-1
格尔软件,2018-5-3,2018-6-1
第一医药,2018-6-1,2018-6-1
伟明环保,2018-6-1,2018-6-1
惠泉啤酒,2018-6-1,2018-6-1
易明医药,2017-12-6,2018-6-1
科力远,2018-1-10,2018-6-1
龙大肉食,2017-6-29,2018-5-31
氯碱B股,2018-5-31,2018-5-31
华工科技,2016-3-31,2018-5-31
德威新材,2017-6-12,2018-5-31
民营ETF,2018-2-28,2018-5-31
和顺电气,2017-11-03,2018-5-31
北方稀土,2019-1-11,2018-5-31
同力水泥,2018-5-31,2018-5-31
莱茵体育,2016-4-13,2018-5-31
高科石化,2017-7-13,2018-5-31
万家优选,2018-5-31,2018-5-31
世荣兆业,2018-4-28,2018-5-31
京威股份,2018-3-16,2018-5-31
曲江文旅,2018-5-31,2018-5-31
航天信息,2018-5-31,2018-5-31
沃施股份,2017-7-19,2018-5-31
曙光股份,2017-5-23,2018-5-31
上峰水泥,2018-4-27,2018-5-31
准油股份,2017-11-08,2018-5-31
国联水产,2018-5-18,2018-5-31
普丽盛,2018-5-31,2018-5-31
长盛同盛,2018-5-31,2018-5-31
纳思达,2018-1-31,2018-5-31
东杰智能,2019-1-22,2018-5-31
万达院线,2018-1-8,2018-5-31
银行B端,2017-5-19,2018-5-31
合肥城建,2018-5-31,2018-5-31
远大智能,2018-3-16,2018-5-31
汇金股份,2018-1-8,2018-5-31
华业资本,2018-5-14,2018-5-30
朗科智能,2018-1-29,2018-5-30
三丰智能,2017-11-22,2018-5-30
浦发银行,2017-6-02,2018-5-30
元盛B,2018-2-14,2018-5-30
和科达,2017-11-29,2018-5-30
丹科B股,2018-5-30,2018-5-30
莲花健康,2017-5-23,2018-5-30
烟台冰轮,2018-5-30,2018-5-30
原油基金,2018-5-30,2018-5-30
东山精密,2018-6-1,2018-5-30
天药股份,2018-5-30,2018-5-30
深赛格B,2018-1-18,2018-5-30
工业富联,2018-5-30,2018-5-30
拓尔思,2018-4-17,2018-5-30
辉丰股份,2018-4-17,2018-5-30
斯莱克,2017-12-21,2018-5-30
万通智控,2018-5-30,2018-5-30
亚通股份,2018-5-30,2018-5-30
三力士,2018-4-3,2018-5-30
浙江仙通,2018-4-18,2018-5-30
东易日盛,2017-10-13,2018-5-30
长海股份,2017-7-20,2018-5-30
传媒业A,2018-5-24,2018-5-30
绿城水务,2017-8-01,2018-5-30
国电南自,2017-12-6,2018-5-30
建新股份,2018-2-27,2018-5-30
湘电股份,2017-10-09,2018-5-30
宁波港,2016-4-01,2018-5-30
海德股份,2018-5-30,2018-5-30
红宝丽,2019-1-10,2018-5-30
罗牛山,2018-4-17,2018-5-29
泸州老窖,2018-4-11,2018-5-29
中国石油,2019-1-22,2018-5-29
以岭药业,2018-3-13,2018-5-29
上港集团,2018-3-28,2018-5-29
金龙机电,2017-5-27,2018-5-29
信息安B,2018-3-8,2018-5-29
亚太股份,2018-5-3,2018-5-29
保隆科技,2018-5-29,2018-5-29
保险B,2018-5-29,2018-5-29
唐人神,2018-1-31,2018-5-29
三晖电气,2017-12-15,2018-5-29
金正大,2018-5-29,2018-5-29
金太阳,2018-5-29,2018-5-29
太钢不锈,2018-4-20,2018-5-29
泛微网络,2017-10-11,2018-5-29
宏辉果蔬,2018-12-20,2018-5-29
渝开发,2018-5-29,2018-5-29
雪榕生物,2018-4-11,2018-5-29
四通新材,2018-3-16,2018-5-29
东北制药,2017-11-24,2018-5-29
唐德影视,2017-11-22,2018-5-29
中国软件,2018-5-29,2018-5-29
高伟达,2018-3-2,2018-5-29
证券股B,2017-8-25,2018-5-29
金一文化,2017-10-11,2018-5-29
兴森科技,2018-2-14,2018-5-29
宝利B,2018-5-29,2018-5-29
基金同益,2017-10-10,2018-5-29
丝路视觉,2017-7-07,2018-5-29
中国中冶,2018-3-30,2018-5-29
全通教育,2017-6-15,2018-5-29
可选消费,2016-5-18,2018-5-29
兴业银行,2018-4-25,2018-5-29
环球印务,2017-10-16,2018-5-29
汉鼎宇佑,2017-11-08,2018-5-29
安科瑞,2018-3-6,2018-5-29
首商股份,2016-3-25,2018-5-28
隆华节能,2018-5-28,2018-5-28
紫光股份,2017-4-20,2018-5-28
国信证券,2017-7-31,2018-5-28
利安隆,2017-8-01,2018-5-28
华升股份,2016-3-24,2018-5-28
初灵信息,2017-6-21,2018-5-28
思特奇,2018-3-2,2018-5-28
张裕B,2018-5-28,2018-5-28
互联金融,2018-5-28,2018-5-28
佳讯飞鸿,2018-3-29,2018-5-28
基金景阳,2018-5-28,2018-5-28
中创400,2018-5-28,2018-5-28
金盾股份,2018-5-24,2018-5-25
交运股份,2018-5-25,2018-5-25
振芯科技,2017-12-21,2018-5-25
银泰资源,2017-12-14,2018-5-25
*ST信通,2018-5-25,2018-5-25
同大股份,2017-5-22,2018-5-25
万家380,2018-3-21,2018-5-25
舒泰神,2018-5-11,2018-5-25
天奇股份,2018-12-13,2018-5-25
甘肃电投,2017-10-10,2018-5-25
日照港,2017-11-24,2018-5-25
乐心医疗,2018-3-20,2018-5-25
山河药辅,2018-3-13,2018-5-25
中能电气,2016-5-19,2018-5-25
京东方A,2017-12-12,2018-5-25
秦安股份,2018-5-17,2018-5-25
ST海洋,2018-5-25,2018-5-25
艾华集团,2018-1-11,2018-5-25
时代新材,2017-11-23,2018-5-25
中昌数据,2018-3-2,2018-5-25
科达股份,2019-1-14,2018-5-25
安科生物,2017-12-15,2018-5-25
陇神戎发,2018-12-13,2018-5-25
博时卓越,2018-5-25,2018-5-25
军工股A,2018-5-25,2018-5-25
中兴商业,2018-2-23,2018-5-25
歌尔股份,2018-3-30,2018-5-25
中国平安,2017-10-17,2018-5-25
深深房B,2018-5-25,2018-5-25
三维丝,2017-10-11,2018-5-25
久立特材,2017-10-10,2018-5-25
江苏银行,2018-5-22,2018-5-25
长盛同智,2017-12-19,2018-5-25
超图软件,2017-10-12,2018-5-25
劲胜精密,2018-5-25,2018-5-25
东方铁塔,2018-4-2,2018-5-24
奥瑞金,2017-5-26,2018-5-24
铁岭新城,2018-5-24,2018-5-24
华东电脑,2018-5-15,2018-5-24
景顺货币,2018-5-24,2018-5-24
中航动控,2018-1-18,2018-5-24
拓维信息,2018-4-3,2018-5-24
长江传媒,2017-8-04,2018-5-24
南宁糖业,2016-4-01,2018-5-24
基金汉兴,2018-5-24,2018-5-24
西藏矿业,2018-5-16,2018-5-24
泰禾光电,2018-3-27,2018-5-24
工银四季,2018-5-24,2018-5-24
*ST华信,2017-7-10,2018-5-24
天弘深成,2017-6-21,2018-5-24
上海天洋,2017-9-07,2018-5-24
瑞丰光电,2018-2-24,2018-5-24
宝钛股份,2017-10-10,2018-5-24
应流股份,2017-6-21,2018-5-24
新奥股份,2016-3-24,2018-5-24
国中水务,2017-9-14,2018-5-23
上海银行,2018-5-29,2018-5-23
蒙发利,2018-5-23,2018-5-23
世纪瑞尔,2018-5-23,2018-5-23
飞利信,2018-3-23,2018-5-23
180ETF,2017-7-31,2018-5-23
信息A,2016-3-30,2018-5-23
北斗星通,2017-6-12,2018-5-23
凯发电气,2018-5-22,2018-5-23
东方电热,2019-1-22,2018-5-23
星源材质,2017-11-29,2018-5-23
恒大高新,2018-2-24,2018-5-23
广发聚利,2017-7-13,2018-5-23
新疆浩源,2018-1-16,2018-5-23
飞亚达A,2018-5-23,2018-5-23
葛洲坝,2018-1-11,2018-5-23
国金50A,2018-5-23,2018-5-23
四方精创,2018-3-15,2018-5-23
天创时尚,2017-7-10,2018-5-23
节能风电,2017-4-27,2018-5-23
迎驾贡酒,2018-5-17,2018-5-23
高斯贝尔,2018-2-14,2018-5-23
*ST珠江,2018-5-23,2018-5-23
华谊嘉信,2018-5-23,2018-5-23
凌云股份,2019-1-17,2018-5-23
天健集团,2017-10-12,2018-5-23
数字认证,2017-7-13,2018-5-23
精锻科技,2017-8-23,2018-5-23
大商股份,2016-4-07,2018-5-23
亚星化学,2019-1-10,2018-5-23
和晶科技,2018-4-16,2018-5-23
朗玛信息,2018-4-10,2018-5-23
法尔胜,2018-3-23,2018-5-22
南京化纤,2019-1-23,2018-5-22
银华鑫锐,2018-5-22,2018-5-22
医疗A,2018-4-26,2018-5-22
浙江世宝,2018-5-22,2018-5-22
转债优先,2018-5-22,2018-5-22
开立医疗,2018-5-24,2018-5-22
普洛药业,2018-5-22,2018-5-22
振华股份,2018-3-28,2018-5-22
永和智控,2018-5-22,2018-5-22
洲际油气,2017-6-12,2018-5-22
宝胜股份,2018-12-12,2018-5-22
大唐发电,2017-12-15,2018-5-22
威星智能,2017-10-20,2018-5-21
聚利A,2018-5-21,2018-5-21
创业环保,2017-11-03,2018-5-21
方大集团,2018-5-31,2018-5-21
新光圆成,2018-5-3,2018-5-21
皖江物流,2016-3-31,2018-5-21
展鹏科技,2018-5-18,2018-5-18
50等权,2018-5-18,2018-5-18
深纺织B,2018-5-18,2018-5-18
冀东水泥,2017-12-19,2018-5-18
象屿股份,2018-5-18,2018-5-18
齐星铁塔,2018-5-18,2018-5-18
万里股份,2016-5-20,2018-5-18
永利股份,2017-10-10,2018-5-18
*ST大唐,2018-5-11,2018-5-18
百大集团,2018-5-18,2018-5-18
田中精机,2017-9-04,2018-5-18
康泰生物,2019-1-18,2018-5-18
万润科技,2018-3-27,2018-5-18
丰利A类,2018-1-31,2018-5-18
合金投资,2017-8-04,2018-5-17
银河生物,2017-8-01,2018-5-17
ＲＣ-007,2018-5-17,2018-5-17
双环传动,2018-3-20,2018-5-17
中欧成长,2018-5-17,2018-5-17
安徽水利,2017-9-13,2018-5-17
伊之密,2017-10-11,2018-5-17
信息安A,2018-3-7,2018-5-17
喜临门,2017-11-09,2018-5-17
华新水泥,2018-4-27,2018-5-17
同和药业,2018-3-15,2018-5-17
北矿科技,2018-5-17,2018-5-17
青岛海尔,2018-4-4,2018-5-17
健康B,2017-6-14,2018-5-17
会畅通讯,2018-4-18,2018-5-17
国金鑫新,2018-5-17,2018-5-17
中珠医疗,2017-12-15,2018-5-17
漳州发展,2018-12-14,2018-5-17
强力新材,2017-6-22,2018-5-17
宇通客车,2017-11-09,2018-5-17
尚品宅配,2018-4-9,2018-5-17
新湖中宝,2017-9-20,2018-5-17
华电B股,2017-9-11,2018-5-17
金路集团,2017-8-17,2018-5-17
互联医C,2018-5-17,2018-5-17
龙马环卫,2017-12-12,2018-5-17
上50ETF,2018-5-17,2018-5-17
香港银行,2018-5-17,2018-5-17
东方电缆,2017-12-14,2018-5-17
海兴电力,2018-6-5,2018-5-17
汉王科技,2018-5-17,2018-5-17
ST鞍一工,2018-5-17,2018-5-17
华宝添益,2017-7-17,2018-5-17
ST东北高,2018-5-17,2018-5-17
宏源证券,2018-4-26,2018-5-17
海南海药,2017-11-08,2018-5-17
申万健康,2018-5-17,2018-5-17
普路通,2018-3-16,2018-5-16
神州B,2018-5-16,2018-5-16
恒润股份,2018-5-11,2018-5-16
能科股份,2017-9-11,2018-5-16
中联重科,2018-6-7,2018-5-16
诚意药业,2018-5-16,2018-5-16
深华发B,2018-5-16,2018-5-16
朗科科技,2017-12-14,2018-5-15
铜峰电子,2017-9-15,2018-5-15
九泰锐智,2018-5-15,2018-5-15
宣亚国际,2018-4-20,2018-5-15
太阳纸业,2017-11-09,2018-5-15
皖通科技,2016-3-29,2018-5-15
通福B,2017-12-21,2018-5-15
中路B股,2018-5-15,2018-5-15
乾景园林,2018-5-15,2018-5-15
红利ETF,2016-4-07,2018-5-15
丰林集团,2017-10-09,2018-5-15
*ST保千,2019-1-30,2018-5-15
诚益通,2017-11-24,2018-5-15
广西广电,2018-5-15,2018-5-15
金科文化,2018-5-15,2018-5-15
国风塑业,2017-8-17,2018-5-15
冀东装备,2017-5-02,2018-5-15
金地ETF,2018-5-15,2018-5-15
东软集团,2018-4-4,2018-5-15
大千生态,2018-2-27,2018-5-15
光线传媒,2018-4-10,2018-5-15
皮阿诺,2018-4-10,2018-5-15
*ST天马,2018-5-14,2018-5-14
东华科技,2017-8-29,2018-5-14
海翔药业,2018-2-13,2018-5-14
红阳能源,2017-11-17,2018-5-14
中国国航,2017-3-14,2018-5-14
盐湖股份,2017-10-13,2018-5-14
天宇股份,2019-1-17,2018-5-14
沙隆达B,2018-4-20,2018-5-14
同德化工,2018-3-23,2018-5-14
溢多利,2018-5-14,2018-5-14
奥康国际,2018-4-9,2018-5-14
商品B,2018-1-31,2018-5-14
飞天诚信,2017-6-27,2018-5-14
昊志机电,2018-5-11,2018-5-11
科大国创,2017-9-20,2018-5-11
驰宏锌锗,2018-1-16,2018-5-11
长青股份,2018-3-8,2018-5-11
江南水务,2018-5-9,2018-5-11
京天利,2017-5-02,2018-5-11
金莱特,2017-8-16,2018-5-11
华统股份,2018-4-12,2018-5-11
恒锋信息,2018-4-17,2018-5-11
银行业A,2018-5-11,2018-5-11
*ST尤夫,2018-5-17,2018-5-11
顺络电子,2017-12-14,2018-5-11
古越龙山,2016-4-01,2018-5-11
越秀金控,2017-11-20,2018-5-11
工银资源,2017-5-12,2018-5-11
通达动力,2018-2-27,2018-5-11
报喜鸟,2017-12-6,2018-5-11
白云山A,2018-5-3,2018-5-11
山东路桥,2017-5-25,2018-5-11
德艺文创,2018-4-24,2018-5-11
网达软件,2017-10-09,2018-5-11
星河生物,2018-5-11,2018-5-11
京蓝科技,2017-10-12,2018-5-11
天神娱乐,2018-5-15,2018-5-11
京能置业,2018-5-11,2018-5-11
申万证券A,2016-3-24,2018-5-11
江阴银行,2018-1-10,2018-5-11
德邦货币,2017-8-29,2018-5-11
新潮能源,2018-1-31,2018-5-10
体育A,2018-1-10,2018-5-10
杭齿前进,2017-12-14,2018-5-10
S湘火炬,2018-3-27,2018-5-10
安诺其,2018-2-27,2018-5-10
晨鸣纸业,2018-6-29,2018-5-10
渤海金控,2017-6-13,2018-5-10
特力A,2017-12-13,2018-5-10
基金兴华,2018-5-10,2018-5-10
中天能源,2016-5-19,2018-5-10
华铁科技,2018-5-10,2018-5-10
*ST长兴,2018-5-10,2018-5-10
金石东方,2017-10-20,2018-5-10
国投瑞利,2017-10-09,2018-5-10
荣盛发展,2017-10-17,2018-5-10
新丝路A,2018-5-10,2018-5-10
苏州科达,2018-4-18,2018-5-10
湖北宜化,2017-9-15,2018-5-10
德赛电池,2018-3-27,2018-5-10
*ST上普,2018-3-20,2018-5-10
迪瑞医疗,2017-12-14,2018-5-10
云赛B股,2018-5-10,2018-5-10
中颖电子,2017-5-26,2018-5-10
地产A,2018-5-10,2018-5-10
北陆药业,2018-3-20,2018-5-9
新能泰山,2018-5-9,2018-5-9
华灿光电,2017-7-10,2018-5-9
惠天热电,2018-3-15,2018-5-9
金龙汽车,2018-5-3,2018-5-9
华东重机,2018-4-25,2018-5-9
王子新材,2016-5-18,2018-5-9
信诚双盈,2018-5-9,2018-5-9
华英农业,2017-11-30,2018-5-9
国泰进取,2018-3-16,2018-5-9
浙商进取,2016-4-12,2018-5-9
通鼎互联,2017-7-06,2018-5-9
扬帆新材,2018-4-3,2018-5-9
达意隆,2018-5-9,2018-5-9
东方证券,2017-9-20,2018-5-9
丰华股份,2018-5-9,2018-5-9
千山药机,2017-4-28,2018-5-9
星星科技,2017-6-27,2018-5-9
美盈森,2016-5-24,2018-5-9
信息发展,2018-4-17,2018-5-9
国寿500,2018-5-9,2018-5-9
宁波建工,2017-11-24,2018-5-9
凯莱英,2018-6-7,2018-5-9
依顿电子,2017-10-13,2018-5-8
双龙股份,2018-5-8,2018-5-8
国金证券,2018-3-7,2018-5-8
四方股份,2017-9-01,2018-5-8
新开普,2019-1-8,2018-5-8
信诚机遇,2018-4-11,2018-5-8
航天科技,2017-8-31,2018-5-8
杰克股份,2018-5-8,2018-5-8
莱美药业,2017-9-14,2018-5-8
赣能股份,2016-3-30,2018-5-8
券商A,2018-5-8,2018-5-8
国投瑞盛,2018-5-8,2018-5-8
创业A,2018-1-16,2018-5-8
0513R028,2018-5-8,2018-5-8
怡亚通,2018-5-16,2018-5-8
新钢股份,2017-9-20,2018-5-8
海越股份,2017-7-31,2018-5-8
闰土股份,2017-8-23,2018-5-8
汤臣倍健,2018-1-31,2018-5-8
老白干酒,2017-7-25,2018-5-8
大立科技,2018-12-14,2018-5-8
江南化工,2018-5-4,2018-5-8
三维工程,2017-10-17,2018-5-8
君正集团,2018-4-20,2018-5-8
元成股份,2018-4-11,2018-5-8
券商A级,2017-9-15,2018-5-8
奥瑞德,2018-5-4,2018-5-8
300ETF,2017-7-05,2018-5-8
国投中国,2018-5-8,2018-5-8
氯碱化工,2018-7-18,2018-5-8
麦迪电气,2018-3-21,2018-5-8
东方嘉盛,2018-5-3,2018-5-7
货币ETF,2018-5-7,2018-5-7
海鸥卫浴,2017-6-23,2018-5-7
清新环境,2018-5-7,2018-5-7
摩登大道,2018-3-28,2018-5-7
恒天海龙,2017-11-03,2018-5-7
芭田股份,2018-5-7,2018-5-7
澳柯玛,2016-3-31,2018-5-7
嘉应制药,2017-8-09,2018-5-7
广发100B,2018-1-8,2018-5-7
兄弟科技,2018-3-8,2018-5-7
万孚生物,2018-4-28,2018-5-7
园城黄金,2017-9-07,2018-5-7
弘盈A,2017-10-18,2018-5-7
江龙船艇,2018-4-10,2018-5-7
凯众股份,2018-3-29,2018-5-7
华西股份,2017-3-15,2018-5-7
蓝黛传动,2018-1-8,2018-5-4
精艺股份,2018-4-13,2018-5-4
优博讯,2019-1-10,2018-5-4
浦东金桥,2016-4-14,2018-5-4
长电科技,2018-1-11,2018-5-4
荣科科技,2018-3-2,2018-5-4
永新股份,2018-5-4,2018-5-4
三友化工,2018-4-12,2018-5-4
惠鑫B,2018-5-4,2018-5-4
中潜股份,2017-9-15,2018-5-4
鲁银投资,2017-6-21,2018-5-4
周大生,2018-4-17,2018-5-4
中国卫星,2017-8-25,2018-5-4
广发货币,2018-5-4,2018-5-4
广信材料,2018-12-20,2018-5-4
康芝药业,2017-5-25,2018-5-4
理财金H,2018-5-4,2018-5-4
神马股份,2018-5-4,2018-5-4
深华发A,2017-11-29,2018-5-4
TMT中证A,2017-10-09,2018-5-4
万马股份,2017-9-13,2018-5-4
星湖科技,2018-4-25,2018-5-4
中通客车,2018-1-10,2018-5-4
科隆股份,2018-5-4,2018-5-4
富国天盈,2018-5-4,2018-5-4
盾安环境,2018-5-30,2018-5-4
长源电力,2018-5-4,2018-5-4
苏州固锝,2017-11-20,2018-5-4
*ST中绒,2017-5-22,2018-5-3
耐威科技,2018-5-21,2018-5-3
华安证券,2017-8-29,2018-5-3
国投丝路,2017-3-14,2018-5-3
中恒集团,2016-3-29,2018-5-3
滨化股份,2018-3-9,2018-5-3
证券股A,2017-6-02,2018-5-3
漫步者,2018-5-3,2018-5-3
凯撒文化,2018-3-28,2018-5-3
大成创新,2018-5-3,2018-5-3
ST生化,2017-4-28,2018-5-3
R001,2018-5-3,2018-5-3
申达股份,2017-9-01,2018-5-3
东华测试,2017-9-14,2018-5-3
茶花股份,2018-3-2,2018-5-3
融通领先,2018-5-3,2018-5-3
晓程科技,2018-5-3,2018-5-3
金螳螂,2018-3-29,2018-5-3
世嘉科技,2017-8-09,2018-5-3
华菱钢铁,2016-4-15,2018-5-3
金利华电,2017-7-28,2018-5-3
大豪科技,2018-3-28,2018-5-3
杰赛科技,2017-6-27,2018-5-3
立讯精密,2019-1-10,2018-5-3
中银绒业,2018-2-1,2018-5-3
韩建河山,2018-2-24,2018-5-3
工银500A,2018-3-23,2018-5-3
鑫科材料,2017-6-14,2018-5-3
新能B,2016-5-24,2018-5-3
联化科技,2018-4-20,2018-5-3
退市博元,2018-5-3,2018-5-3
桃李面包,2018-4-9,2018-5-3
*ST合金,2018-5-3,2018-5-3
诺安油气,2018-5-3,2018-5-3
秦川机床,2018-5-3,2018-5-3
高争民爆,2018-5-3,2018-5-3
宝莱特,2017-6-05,2018-5-3
荣泰健康,2018-3-16,2018-5-3
永泰能源,2018-4-11,2018-5-3
泰豪科技,2018-3-20,2018-5-3
钧达股份,2018-4-20,2018-5-3
信用B,2017-4-18,2018-5-3
智慧能源,2018-3-15,2018-5-3
军工股B,2018-5-3,2018-5-3
*ST天业,2018-6-6,2018-5-3
*ST京城,2018-5-3,2018-5-3
启迪古汉,2017-11-09,2018-5-3
中环装备,2018-5-3,2018-5-3
海虹控股,2018-5-2,2018-5-2
艾比森,2019-2-14,2018-5-2
药明康德,2018-12-20,2018-5-2
金种子酒,2017-11-23,2018-5-2
金达威,2018-4-25,2018-5-2
上海建工,2016-4-15,2018-4-28
辽宁成大,2017-6-13,2018-4-28
黄山B股,2018-4-28,2018-4-28
一汽轿车,2016-4-15,2018-4-28
中元股份,2018-4-28,2018-4-28
蓝晓科技,2018-3-27,2018-4-28
二六三,2018-4-28,2018-4-28
比亚迪,2017-5-17,2018-4-28
天目药业,2017-11-03,2018-4-28
*ST华泽,2017-12-6,2018-4-28
中牧股份,2017-11-23,2018-4-28
万华化学,2019-1-10,2018-4-28
长江投资,2018-4-28,2018-4-28
华昌化工,2019-1-10,2018-4-28
好莱客,2017-11-24,2018-4-28
材料行业,2018-4-28,2018-4-28
福建金森,2016-4-15,2018-4-28
温氏股份,2018-12-13,2018-4-28
浙江龙盛,2018-4-10,2018-4-28
德展健康,2017-9-22,2018-4-28
深冷股份,2017-8-17,2018-4-28
安纳达,2018-3-27,2018-4-28
安信货币,2018-3-28,2018-4-28
朗姿股份,2017-6-22,2018-4-28
中概互联,2017-8-10,2018-4-28
金轮股份,2017-9-06,2018-4-28
澳洋科技,2018-4-28,2018-4-28
华天酒店,2018-4-28,2018-4-28
中欧动力,2018-3-21,2018-4-27
金杯电工,2017-12-21,2018-4-27
基金丰和,2018-4-27,2018-4-27
国元证券,2017-4-27,2018-4-27
光库科技,2017-8-24,2018-4-27
赢合科技,2018-1-16,2018-4-27
靖远煤电,2018-2-23,2018-4-27
惠裕B,2018-4-27,2018-4-27
国投产业,2018-4-27,2018-4-27
东方园林,2018-3-14,2018-4-27
深深房A,2017-10-20,2018-4-27
金运激光,2017-8-18,2018-4-27
凯恩股份,2018-4-4,2018-4-27
方大化工,2017-11-03,2018-4-27
南兴装备,2018-2-1,2018-4-27
东方航空,2018-3-30,2018-4-27
荣之联,2017-6-23,2018-4-27
濮耐股份,2018-4-9,2018-4-27
硅宝科技,2017-9-21,2018-4-27
广百股份,2016-5-19,2018-4-27
西藏城投,2018-4-27,2018-4-27
盛屯矿业,2018-4-10,2018-4-27
特力B,2018-4-27,2018-4-27
招商证券,2019-1-10,2018-4-27
集琦JQP1,2017-10-10,2018-4-27
天马精化,2017-4-20,2018-4-27
胜景山河,2017-9-14,2018-4-27
联创光电,2017-12-6,2018-4-27
东方创业,2017-12-6,2018-4-27
亚星客车,2017-10-11,2018-4-26
同花顺,2016-5-18,2018-4-26
国企改革,2018-4-26,2018-4-26
艾格拉斯,2017-11-17,2018-4-26
罗普斯金,2018-4-26,2018-4-26
暴风集团,2018-6-6,2018-4-26
国祯环保,2017-5-03,2018-4-26
中山公用,2018-4-9,2018-4-26
长信100,2017-6-27,2018-4-26
御银股份,2017-12-19,2018-4-26
上海临港,2018-3-23,2018-4-26
浙商证券,2017-9-06,2018-4-26
南京熊猫,2017-12-21,2018-4-26
明阳电路,2018-4-18,2018-4-26
苏州恒久,2017-11-29,2018-4-26
西部牧业,2017-9-15,2018-4-26
西王食品,2018-12-20,2018-4-26
振东制药,2018-3-9,2018-4-26
宁波中百,2018-4-26,2018-4-26
迅游科技,2017-6-06,2018-4-26
津膜科技,2017-9-22,2018-4-26
丰元股份,2018-3-8,2018-4-26
任子行,2018-4-26,2018-4-26
煤炭B,2017-12-12,2018-4-26
星期六,2018-4-26,2018-4-26
惠博普,2018-5-4,2018-4-26
兴发集团,2018-1-30,2018-4-26
金隅集团,2018-2-1,2018-4-26
六国化工,2018-4-26,2018-4-26
瑞斯康达,2018-4-26,2018-4-26
牧原股份,2016-4-11,2018-4-26
长春经开,2018-3-6,2018-4-25
ST鑫光,2018-4-25,2018-4-25
会稽山,2017-11-08,2018-4-25
安妮股份,2018-4-12,2018-4-25
转债B,2018-4-25,2018-4-25
中科曙光,2017-10-20,2018-4-25
*ST石化B,2018-4-25,2018-4-25
厦门钨业,2016-3-24,2018-4-25
北玻股份,2016-5-18,2018-4-25
佛塑科技,2017-11-03,2018-4-25
中原环保,2018-3-23,2018-4-25
洁美科技,2017-7-18,2018-4-25
消费进取,2017-10-20,2018-4-25
富奥股份,2018-4-25,2018-4-25
太阳鸟,2017-12-21,2018-4-25
基金同盛,2018-4-25,2018-4-25
正元智慧,2018-4-25,2018-4-25
广聚能源,2018-4-25,2018-4-25
漳泽电力,2017-7-28,2018-4-25
博迈科,2019-1-10,2018-4-25
际华集团,2018-4-24,2018-4-24
元力股份,2017-10-20,2018-4-24
仙琚制药,2018-3-29,2018-4-24
光启技术,2019-1-14,2018-4-24
洛阳钼业,2018-2-27,2018-4-24
号百控股,2017-7-28,2018-4-24
华西证券,2018-4-24,2018-4-24
丰利债B,2018-3-21,2018-4-24
N久吾,2017-9-15,2018-4-24
圣阳股份,2017-11-24,2018-4-24
申通地铁,2016-4-15,2018-4-24
东方精工,2016-5-20,2018-4-24
华侨城A,2018-4-27,2018-4-24
迪森股份,2018-4-24,2018-4-24
富邦股份,2018-6-29,2018-4-24
科大讯飞,2016-5-18,2018-4-24
*ST蓝科,2018-4-24,2018-4-24
基金久嘉,2017-12-6,2018-4-24
精华制药,2017-6-20,2018-4-20
券商B级,2017-5-04,2018-4-20
中电鑫龙,2017-6-15,2018-4-20
双杰电气,2018-5-8,2018-4-20
基金金盛,2017-9-06,2018-4-20
华力创通,2017-10-13,2018-4-20
广和通,2018-1-18,2018-4-20
台基股份,2018-3-20,2018-4-20
天山股份,2018-1-31,2018-4-20
世纪华通,2017-8-29,2018-4-20
英飞特,2018-4-20,2018-4-20
景峰医药,2018-12-10,2018-4-20
金圆股份,2017-11-08,2018-4-20
瑞福进取,2018-4-20,2018-4-20
兴全300,2017-12-21,2018-4-20
申万证券B,2018-4-20,2018-4-20
瀛通通讯,2018-5-9,2018-4-19
长信科技,2017-10-12,2018-4-19
顺丰控股,2018-4-19,2018-4-19
中文传媒,2018-1-11,2018-4-19
英威腾,2017-9-13,2018-4-19
城地股份,2017-5-12,2018-4-19
爱建集团,2017-11-03,2018-4-19
星帅尔,2018-3-29,2018-4-19
永贵电器,2018-4-19,2018-4-19
湘油泵,2018-4-10,2018-4-19
银禧科技,2017-11-29,2018-4-19
三聚环保,2018-4-20,2018-4-19
江化微,2018-2-28,2018-4-19
*ST烯碳,2017-8-01,2018-4-19
正丹股份,2018-4-19,2018-4-19
浩丰科技,2016-3-31,2018-4-19
尔康制药,2017-5-17,2018-4-19
先进数通,2018-4-19,2018-4-19
华测导航,2018-6-29,2018-4-19
北部湾旅,2018-4-19,2018-4-19
招商标普金砖四国指数,2018-3-22,2018-4-19
通光线缆,2017-6-16,2018-4-18
龙宇燃油,2018-1-18,2018-4-18
北信源,2017-11-03,2018-4-18
东方雨虹,2017-8-29,2018-4-18
珍宝岛,2018-4-18,2018-4-18
同庆800B,2018-4-18,2018-4-18
海亮股份,2018-4-18,2018-4-18
宁波高发,2018-1-31,2018-4-18
重组B,2018-4-17,2018-4-17
科林电气,2018-12-13,2018-4-17
利达光电,2018-6-8,2018-4-17
S佳通,2017-7-31,2018-4-17
黑牡丹,2018-4-17,2018-4-17
欧菲光,2018-4-17,2018-4-17
中泰化学,2016-4-14,2018-4-17
南洋股份,2018-5-16,2018-4-17
国星光电,2018-3-21,2018-4-17
天虹商场,2017-9-15,2018-4-17
隆平高科,2017-10-10,2018-4-17
航天动力,2018-4-17,2018-4-17
通宇通讯,2017-5-17,2018-4-17
华宸300,2018-4-17,2018-4-17
多利优先,2018-4-17,2018-4-17
神火股份,2018-12-14,2018-4-17
华纺股份,2018-4-17,2018-4-17
华峰超纤,2018-2-27,2018-4-17
湖南天雁,2017-9-06,2018-4-17
巨力索具,2017-11-29,2018-4-17
南方天元,2017-9-13,2018-4-17
五洋停车,2018-4-17,2018-4-17
*ST金瑞,2017-7-20,2018-4-17
三角轮胎,2017-11-13,2018-4-17
国电电力,2018-3-2,2018-4-17
麦格米特,2018-4-19,2018-4-17
厦门国贸,2018-4-17,2018-4-17
*ST新集,2016-4-01,2018-4-17
宇顺电子,2018-4-17,2018-4-17
法兰泰克,2016-3-29,2018-4-17
重庆百货,2018-4-10,2018-4-16
四方冷链,2018-1-30,2018-4-16
新能车A,2017-12-21,2018-4-16
创业板EF,2018-4-16,2018-4-16
飞乐音响,2018-2-24,2018-4-13
南方传媒,2017-9-21,2018-4-13
中科电气,2017-11-13,2018-4-13
海欣股份,2018-1-8,2018-4-13
基金裕泽,2018-4-13,2018-4-13
新大陆,2017-8-04,2018-4-13
添富快钱,2018-3-20,2018-4-13
泛海控股,2018-5-22,2018-4-13
富煌钢构,2017-11-22,2018-4-13
*ST联谊,2017-11-30,2018-4-13
汉钟精机,2016-4-01,2018-4-13
鼎汉技术,2018-4-13,2018-4-13
海马汽车,2017-12-6,2018-4-13
鹏华丰泽,2017-11-17,2018-4-13
拓斯达,2018-2-1,2018-4-13
九泰锐富,2018-4-13,2018-4-13
西部黄金,2017-8-04,2018-4-13
跨境通,2017-6-29,2018-4-13
菲利华,2017-9-20,2018-4-13
湖南黄金,2018-4-13,2018-4-13
摩恩电气,2018-4-13,2018-4-13
晨光文具,2018-4-13,2018-4-13
通合科技,2018-12-20,2018-4-13
光一科技,2017-12-6,2018-4-12
顶点软件,2018-4-3,2018-4-12
新力金融,2017-12-12,2018-4-12
*ST中川,2017-11-17,2018-4-12
佳隆股份,2018-3-29,2018-4-12
南山铝业,2018-3-14,2018-4-12
新光药业,2018-4-12,2018-4-12
华泰货币,2018-4-12,2018-4-12
50AH,2018-4-12,2018-4-12
美诺华,2018-3-8,2018-4-12
南方永利,2018-1-16,2018-4-12
同辉100A,2018-4-12,2018-4-12
华友钴业,2018-4-12,2018-4-12
0512R091,2018-4-12,2018-4-12
金发科技,2017-12-15,2018-4-12
盛和资源,2017-6-26,2018-4-12
星宇股份,2018-4-12,2018-4-12
超声电子,2018-1-31,2018-4-12
国恩股份,2018-4-12,2018-4-12
旺能环境,2018-4-27,2018-4-11
贵阳银行,2018-4-11,2018-4-11
海峡股份,2018-4-4,2018-4-11
光莆股份,2018-4-11,2018-4-11
三七互娱,2017-8-29,2018-4-11
中路股份,2017-7-04,2018-4-11
美好置业,2018-5-22,2018-4-11
同济科技,2019-1-23,2018-4-11
云化CWB1,2018-4-11,2018-4-11
天马科技,2018-1-8,2018-4-11
金鹰500B,2017-6-15,2018-4-11
海富增利,2017-9-07,2018-4-11
茂化实华,2018-4-11,2018-4-11
道道全,2018-4-11,2018-4-11
远东传动,2019-2-14,2018-4-11
和胜股份,2018-4-11,2018-4-11
新能源A,2017-8-16,2018-4-11
腾信股份,2018-6-6,2018-4-11
银宝山新,2016-4-12,2018-4-11
丽江旅游,2017-11-30,2018-4-11
南方500,2018-2-24,2018-4-11
株冶集团,2017-7-04,2018-4-11
乐山电力,2018-4-10,2018-4-10
深物业B,2018-1-15,2018-4-10
中国汽研,2017-11-22,2018-4-10
建信50A,2018-4-10,2018-4-10
电科院,2017-8-10,2018-4-10
联明股份,2018-4-10,2018-4-10
金马集团,2017-7-25,2018-4-10
诺普信,2017-12-6,2018-4-10
神雾环保,2018-5-8,2018-4-10
金科股份,2017-4-25,2018-6-1
用友网络,2019-1-9,2018-4-10
杭电股份,2018-2-28,2018-4-10
金利科技,2018-4-10,2018-4-10
嘉实快线,2018-4-10,2018-4-10
大亚圣象,2018-4-10,2018-4-10
招商上证消费80,2017-9-07,2018-4-10
康恩贝,2018-1-10,2018-4-10
太极股份,2018-4-10,2018-4-10
军工B,2017-8-09,2018-4-10
广汽长丰,2018-4-10,2018-4-10
万和电气,2018-4-10,2018-4-10
华策影视,2018-3-7,2018-4-10
城投ETF,2018-2-27,2018-4-10
先锋新材,2017-11-30,2018-4-10
灵康药业,2018-4-10,2018-4-10
亚盛集团,2018-4-10,2018-4-10
通达股份,2016-3-25,2018-4-10
工商银行,2017-4-27,2018-4-10
三江购物,2017-8-18,2018-4-10
国企改A,2018-4-10,2018-4-10
完美世界,2018-7-16,2018-4-10
云意电气,2016-4-15,2018-4-10
天保基建,2018-2-28,2018-4-10
恒指ETF,2017-8-03,2018-4-10
凯马B,2018-4-10,2018-4-10
诚迈科技,2018-4-10,2018-4-10
诚志股份,2018-3-16,2018-4-10
中国核电,2017-8-25,2018-4-10
三泰控股,2018-4-10,2018-4-10
天桥起重,2017-8-04,2018-4-10
华茂股份,2018-4-10,2018-4-10
万通地产,2017-7-31,2018-4-10
迪威视讯,2017-10-20,2018-4-9
台海核电,2018-4-9,2018-4-9
钢铁B,2018-2-27,2018-4-9
东风科技,2019-2-1,2018-4-9
天弘添利,2017-11-08,2018-4-9
安徽合力,2018-3-20,2018-4-9
富国500,2017-9-12,2018-4-9
碳元科技,2018-4-9,2018-4-9
嘉实惠泽,2018-4-9,2018-4-9
中小300,2017-5-19,2018-4-9
安记食品,2018-4-4,2018-4-4
哈药股份,2018-4-16,2018-4-4
司太立,2017-9-20,2018-4-4
得利斯,2017-8-17,2018-4-4
正海磁材,2018-1-31,2018-4-4
新莱应材,2018-3-29,2018-4-4
华宇软件,2017-6-22,2018-4-4
润达医疗,2018-5-16,2018-4-4
南风化工,2018-4-4,2018-4-4
汇中股份,2017-6-21,2018-4-4
基金通乾,2017-9-01,2018-4-4
南极电商,2017-11-30,2018-4-3
万盛股份,2018-5-23,2018-4-3
楚江新材,2018-2-13,2018-4-3
中小板,2018-4-3,2018-4-3
海利生物,2019-1-9,2018-4-3
永鼎股份,2018-4-3,2018-4-3
康达尔,2018-4-3,2018-4-3
宏达股份,2017-9-20,2018-4-3
湘潭电化,2018-3-2,2018-4-3
中恒电气,2017-9-07,2018-4-3
南大光电,2018-12-14,2018-4-3
100ETF,2018-4-3,2018-4-3
必康股份,2018-4-3,2018-4-3
三峡新材,2017-9-15,2018-4-3
GC003,2018-4-3,2018-4-3
*ST瓦轴B,2017-10-11,2018-4-3
久吾高科,2018-3-29,2018-4-3
西泵股份,2018-2-23,2018-4-3
空港股份,2018-3-14,2018-4-3
金健米业,2018-5-4,2018-4-3
安源煤业,2018-4-3,2018-4-3
蓝英装备,2017-9-06,2018-4-3
国投中鲁,2018-4-3,2018-4-3
华电能源,2017-8-04,2018-4-3
龙建股份,2018-1-30,2018-4-2
南方聚利,2017-11-30,2018-4-2
金融地B,2017-8-25,2018-4-2
瑞普生物,2018-4-2,2018-4-2
易基岁丰,2018-4-2,2018-4-2
建信优势,2017-9-20,2018-4-2
云煤能源,2017-12-6,2018-4-2
银星能源,2017-8-31,2018-4-2
特尔佳,2017-3-15,2018-3-30
健盛集团,2017-7-18,2018-3-30
互联A级,2016-3-24,2018-3-30
森特股份,2018-5-29,2018-3-30
交通银行,2018-12-13,2018-3-30
吉电股份,2017-8-09,2018-3-30
厦门信达,2017-11-22,2018-3-30
中原特钢,2018-4-25,2018-3-30
名家汇,2019-1-11,2018-3-30
商品ETF,2018-2-1,2018-3-30
云投生态,2017-4-20,2018-3-30
中成股份,2018-3-23,2018-3-30
卫士通,2018-1-11,2018-3-30
长青集团,2018-2-13,2018-3-30
*ST南电B,2018-3-30,2018-3-30
*ST宏盛,2018-3-30,2018-3-30
美盛文化,2017-5-23,2018-3-30
泰合健康,2018-3-6,2018-3-30
长盈精密,2017-7-10,2018-3-30
开元股份,2018-3-30,2018-3-30
惠达卫浴,2018-5-4,2018-3-30
山航B,2018-3-29,2018-3-29
美年健康,2017-6-26,2018-3-29
亚宝药业,2017-6-27,2018-3-29
医药增强,2018-3-29,2018-3-29
保千里,2017-11-29,2018-3-29
中国银河,2017-7-11,2018-3-29
东百集团,2018-5-3,2018-3-29
中国电影,2018-3-29,2018-3-29
中航电子,2017-10-18,2018-3-29
平治信息,2018-3-20,2018-3-29
互联网A,2018-3-29,2018-3-29
九有股份,2018-3-28,2018-3-28
新五丰,2018-2-28,2018-3-28
华资实业,2018-3-28,2018-3-28
商业城,2017-8-24,2018-3-28
中证90A,2018-3-28,2018-3-28
优选LOF,2018-3-28,2018-3-28
天际股份,2018-2-1,2018-3-28
丰东股份,2018-3-28,2018-3-28
三利谱,2017-6-12,2018-3-28
獐子岛,2018-1-31,2018-3-28
罗顿发展,2018-3-28,2018-3-28
龙头ETF,2018-3-28,2018-3-28
天富能源,2018-3-28,2018-3-28
辽河油田,2018-3-28,2018-3-28
ST大化B,2018-3-28,2018-3-28
当代明诚,2017-10-18,2018-3-28
苏交科,2018-3-28,2018-3-28
大智慧,2017-9-12,2018-3-28
思源电气,2017-8-02,2018-3-28
德美化工,2017-8-31,2018-3-28
深高CWB1,2018-3-27,2018-3-27
东方市场,2018-3-27,2018-3-27
有色A,2018-3-27,2018-3-27
*ST斯达,2018-3-27,2018-3-27
碧水源,2018-2-28,2018-3-27
山东赫达,2018-3-27,2018-3-27
日发精机,2018-5-15,2018-3-27
西仪股份,2018-3-27,2018-3-27
西部矿业,2017-6-29,2018-3-27
山东华鹏,2018-3-27,2018-3-27
重庆路桥,2018-3-27,2018-3-27
新能A,2018-3-27,2018-3-27
带路B,2017-10-11,2018-3-27
春兴精工,2017-11-08,2018-3-26
新乡化纤,2017-8-29,2018-3-26
好利来,2017-7-13,2018-3-23
中航飞机,2018-3-23,2018-3-23
天安新材,2018-3-2,2018-3-23
高铁B,2016-5-26,2018-3-23
开润股份,2017-7-31,2018-3-23
紫光国芯,2017-8-10,2018-3-23
大连热电,2017-9-06,2018-3-23
煤炭A基,2018-3-23,2018-3-23
德尔未来,2016-3-24,2018-3-23
锦州港,2018-3-23,2018-3-23
华远地产,2017-4-21,2018-3-23
天原集团,2018-5-18,2018-3-23
建艺集团,2018-2-13,2018-3-23
九典制药,2018-3-29,2018-3-23
利群股份,2018-6-6,2018-3-23
岭南股份,2018-3-20,2018-3-23
金融ETF,2017-9-13,2018-3-23
科远股份,2018-1-16,2018-3-23
景嘉微,2017-9-07,2018-3-23
庞大集团,2017-6-01,2018-3-23
中远海能,2018-3-22,2018-3-22
启明星辰,2018-3-2,2018-3-22
食品A,2018-1-16,2018-3-22
新研股份,2018-6-8,2018-3-22
润欣科技,2019-1-23,2018-3-22
浙江美大,2018-3-22,2018-3-22
龙津药业,2018-3-9,2018-3-22
栋梁新材,2017-6-14,2018-3-22
500等权,2017-5-17,2018-3-21
高新发展,2018-6-6,2018-3-21
赛福天,2018-3-21,2018-3-21
上工B股,2018-3-21,2018-3-21
添富恒生,2018-3-21,2018-3-21
鲍斯股份,2016-4-01,2018-3-21
卫宁健康,2018-3-16,2018-3-21
力生制药,2017-3-17,2018-3-21
优德精密,2017-8-01,2018-3-21
ST亚太,2016-3-24,2018-3-21
华域汽车,2018-3-15,2018-3-21
广发医药,2018-2-27,2018-3-21
二三四五,2018-1-11,2018-3-21
同仁堂,2017-8-29,2018-3-21
信威集团,2016-5-24,2018-3-21
北方导航,2018-3-21,2018-3-21
力星股份,2018-3-28,2018-3-21
长春一东,2018-3-13,2018-3-21
九鼎投资,2017-4-20,2018-3-21
安凯客车,2017-8-23,2018-3-21
中设集团,2017-9-13,2018-3-21
国企改B,2018-3-21,2018-3-21
财通福享,2016-5-26,2018-3-21
中钢天源,2018-3-21,2018-3-21
中环股份,2016-3-25,2018-3-20
润邦股份,2018-2-27,2018-3-20
广州浪奇,2018-6-7,2018-3-20
永艺股份,2017-3-10,2018-3-20
富森美,2018-4-17,2018-3-20
北特科技,2018-1-11,2018-3-20
大东南,2017-8-02,2018-3-20
上柴B股,2018-3-20,2018-3-20
中国中铁,2018-12-14,2018-3-20
有色B,2018-2-28,2018-3-20
电子城,2018-3-20,2018-3-20
中融日盈,2018-3-20,2018-3-20
棕榈股份,2017-9-13,2018-3-20
韵达股份,2017-12-19,2018-3-20
大东海A,2017-6-16,2018-3-20
上海科技,2018-3-20,2018-3-20
申通快递,2017-8-02,2018-3-20
新华百货,2017-10-20,2018-3-20
红宇新材,2018-3-20,2018-3-20
梅安森,2018-3-16,2018-3-16
熊猫金控,2018-3-16,2018-3-16
金新农,2019-1-14,2018-3-16
郴电国际,2016-4-01,2018-3-16
天科股份,2017-8-02,2018-3-16
菲达环保,2017-11-09,2018-3-16
博雅生物,2018-6-7,2018-3-16
汇顶科技,2017-11-23,2018-3-16
龙星化工,2017-12-19,2018-3-16
中船科技,2017-11-29,2018-3-16
江苏阳光,2018-3-16,2018-3-16
塔牌集团,2017-10-20,2018-3-16
中毅达,2018-2-13,2018-3-16
三六五网,2018-1-18,2018-3-16
华安300B,2018-3-16,2018-3-16
大金重工,2017-5-12,2018-3-16
浙商稳健,2018-3-16,2018-3-16
恒源煤电,2018-3-15,2018-3-15
弘亚数控,2017-11-24,2018-3-15
欧比特,2018-1-11,2018-3-15
晨鑫科技,2019-1-11,2018-3-15
来伊份,2018-3-15,2018-3-15
中广核技,2017-8-21,2018-3-15
烽火电子,2016-3-29,2018-3-15
仰帆控股,2018-3-15,2018-3-15
中银盛利,2018-3-15,2018-3-15
冰轮环境,2018-3-15,2018-3-15
东南网架,2017-11-08,2018-3-15
中航资本,2018-3-15,2018-3-15
建研集团,2017-10-11,2018-3-15
美的集团,2017-8-31,2018-3-15
泰达股份,2017-8-10,2018-3-15
ST中安,2017-6-05,2018-3-15
仙坛股份,2018-3-30,2018-3-14
博腾股份,2018-6-29,2018-3-14
中欧纯债,2018-1-18,2018-3-14
激智科技,2018-2-24,2018-3-14
重庆燃气,2018-1-10,2018-3-14
凤形股份,2017-5-19,2018-3-14
Ｒ-028,2018-3-14,2018-3-14
欧亚集团,2018-3-14,2018-3-14
天成自控,2018-3-14,2018-3-14
东方国信,2017-3-14,2018-3-14
南国置业,2018-3-13,2018-3-14
银河进取,2018-3-14,2018-3-14
金刚玻璃,2018-3-13,2018-3-13
中文在线,2018-6-7,2018-3-13
科华生物,2018-3-13,2018-3-13
中国神华,2017-9-01,2018-3-13
网金B,2018-3-13,2018-3-13
广安爱众,2018-3-13,2018-3-13
一汽富维,2018-2-14,2018-3-13
海欣食品,2018-3-13,2018-3-13
八一钢铁,2018-3-13,2018-3-13
中国重工,2018-12-20,2018-3-13
0509R007,2017-8-24,2018-3-13
招商成长,2018-2-13,2018-3-13
海通证券,2019-1-10,2018-3-13
龙净环保,2017-6-02,2018-3-9
益生股份,2017-12-13,2018-3-9
体育B,2018-3-9,2018-3-9
*ST华圣,2018-3-9,2018-3-9
锐奇股份,2018-3-9,2018-3-9
友利控股,2018-3-9,2018-3-9
新时达,2018-6-6,2018-3-9
数据港,2017-3-10,2018-3-9
东阳光科,2017-12-12,2018-3-9
高鸿股份,2017-11-23,2018-3-9
智慧松德,2019-1-9,2018-3-9
鹏华动力,2018-3-9,2018-3-9
天润乳业,2018-3-27,2018-3-9
栖霞建设,2016-5-18,2018-3-9
深振业A,2017-10-11,2018-3-8
贵绳股份,2018-1-31,2018-3-8
中衡设计,2018-3-8,2018-3-8
天赐材料,2018-3-2,2018-3-8
国瓷材料,2016-3-22,2018-3-8
南京公用,2018-3-8,2018-3-8
深赤湾A,2018-3-7,2018-3-8
航天长峰,2017-6-21,2018-3-8
江铃B,2017-7-07,2018-3-8
吉峰农机,2018-3-8,2018-3-8
康强电子,2018-3-8,2018-3-8
集智股份,2018-3-8,2018-3-8
未名医药,2018-3-8,2018-3-8
金海环境,2018-3-8,2018-3-8
*ST五稀,2018-3-7,2018-3-7
银华内需,2018-3-7,2018-3-7
汉商集团,2018-1-16,2018-3-7
西部创业,2018-1-22,2018-3-7
乐金健康,2017-8-16,2018-3-6
梅雁吉祥,2018-2-23,2018-3-6
恒生ETF,2018-2-27,2018-3-6
达威股份,2017-5-24,2018-3-6
安靠智电,2018-4-12,2018-3-6
诺德双翼,2018-3-6,2018-3-6
欣天科技,2017-3-10,2018-3-6
威创股份,2017-8-10,2018-3-6
海汽集团,2017-7-05,2018-3-6
宝色股份,2017-9-15,2018-3-6
保税科技,2018-5-8,2018-3-6
晋西车轴,2018-3-6,2018-3-6
乔治白,2017-9-06,2018-3-6
小康股份,2017-8-18,2018-3-6
大东海B,2017-7-28,2018-3-6
红旗连锁,2017-12-15,2018-3-6
云南锗业,2017-8-18,2018-3-2
博世科,2018-4-9,2018-3-2
中电电机,2017-8-18,2018-3-2
申万债券,2017-5-03,2018-3-2
转债A,2017-6-16,2018-3-2
鹏华300,2018-3-2,2018-3-2
铁汉生态,2018-4-25,2018-3-2
万丰奥威,2017-11-29,2018-3-2
百联股份,2018-3-2,2018-3-2
0603R007,2018-3-2,2018-3-2
奥普光电,2018-3-2,2018-3-2
陕鼓动力,2018-2-28,2018-3-2
星普医科,2017-12-15,2018-3-2
华安智增,2018-3-2,2018-3-2
埃斯顿,2017-9-14,2018-3-2
贝斯特,2018-2-28,2018-2-28
中孚实业,2017-5-24,2018-2-28
中创100,2017-9-15,2018-2-28
宁波精达,2018-2-28,2018-2-28
大湖股份,2018-1-16,2018-2-28
苏威孚B,2018-2-28,2018-2-28
易见股份,2018-1-10,2018-2-28
诺安稳健,2018-2-28,2018-2-28
琼民源A,2018-1-18,2018-2-28
阳光股份,2017-5-23,2018-2-28
恒通科技,2018-2-28,2018-2-28
华新B股,2018-2-28,2018-2-28
山东如意,2018-2-28,2018-2-28
华明装备,2019-1-14,2018-2-28
富瀚微,2018-2-28,2018-2-28
星网锐捷,2017-11-08,2018-2-28
500原料,2017-5-17,2018-2-28
东方财富,2018-4-17,2018-2-28
龙蟒佰利,2018-2-28,2018-2-28
黑猫股份,2018-2-28,2018-2-28
*ST信联,2018-1-15,2018-2-28
ST宏业,2018-2-28,2018-2-28
英洛华,2017-9-01,2018-2-28
蓝思科技,2018-1-10,2018-2-28
华联股份,2016-3-29,2018-2-28
盛天网络,2017-8-29,2018-2-28
济川药业,2018-5-17,2018-2-28
马应龙,2018-2-28,2018-2-28
欧浦智网,2017-8-02,2018-2-28
东港股份,2018-3-15,2018-2-28
翔鹭钨业,2018-1-18,2018-2-27
凌钢股份,2017-7-06,2018-2-27
永安药业,2019-2-13,2018-2-27
第一创业,2017-5-19,2018-2-27
雅克科技,2017-6-26,2018-2-27
富春股份,2018-2-14,2018-2-27
天晟新材,2017-11-30,2018-2-27
天盈B,2018-1-31,2018-2-27
海顺新材,2018-4-20,2018-2-27
紫江企业,2018-2-27,2018-2-27
深高速,2016-3-25,2018-2-27
中科金财,2016-4-13,2018-2-27
祥龙电业,2018-2-27,2018-2-27
江泉实业,2018-1-31,2018-2-27
长城信息,2018-2-27,2018-2-27
沃森生物,2017-9-07,2018-2-27
硕贝德,2017-5-22,2018-2-27
龙蟠科技,2018-2-27,2018-2-27
博创科技,2018-2-27,2018-2-27
新赛股份,2017-5-19,2018-2-27
章源钨业,2018-3-30,2018-2-27
中核钛白,2018-2-27,2018-2-27
豪迈科技,2018-2-27,2018-2-27
太阳能,2017-11-30,2018-2-27
日科化学,2017-6-15,2018-2-27
中盘ETF,2018-2-27,2018-2-27
三安光电,2019-1-22,2018-2-27
海普瑞,2017-12-12,2018-2-27
雷科防务,2016-4-12,2018-2-27
运达科技,2018-5-9,2018-2-27
0509R028,2018-2-26,2018-2-26
长生生物,2017-12-13,2018-2-26
江苏神通,2017-11-24,2018-2-26
绿庭投资,2018-12-14,2018-2-24
吉比特,2017-3-15,2018-2-24
兴业股份,2018-2-24,2018-2-24
五矿资本,2018-1-8,2018-2-24
阳晨B股,2018-2-23,2018-2-24
天山生物,2018-3-13,2018-2-24
广弘控股,2018-2-24,2018-2-24
春秋航空,2017-8-17,2018-2-24
通裕重工,2017-6-16,2018-2-24
银华800B,2018-2-24,2018-2-24
互联医疗,2016-3-24,2018-2-24
新华联,2019-1-10,2018-2-23
博天环境,2017-9-13,2018-2-23
维宏股份,2018-1-18,2018-2-23
海峡环保,2017-12-19,2018-2-23
长安汽车,2017-11-30,2018-2-23
场内货币,2018-2-23,2018-2-23
亚厦股份,2016-3-23,2018-2-23
中超控股,2017-9-20,2018-2-23
HS300ETF,2018-2-23,2018-2-23
富国天惠,2016-5-18,2018-2-23
中集B,2018-2-23,2018-2-23
星辉娱乐,2017-6-14,2018-2-23
旭光股份,2018-2-23,2018-2-23
大众公用,2018-5-17,2018-2-23
天齐锂业,2018-5-18,2018-2-23
康达新材,2017-11-03,2018-2-23
飞科电器,2017-7-10,2018-2-23
美尚生态,2018-2-23,2018-2-23
回天新材,2019-1-18,2018-2-23
凌云B股,2017-12-12,2018-2-23
正业科技,2018-3-7,2018-2-23
赣锋锂业,2016-4-12,2018-2-14
新华制药,2018-3-26,2018-2-14
联创互联,2018-2-1,2018-2-14
华舟应急,2018-2-14,2018-2-14
中电环保,2017-12-13,2018-2-14
雅戈尔,2018-12-20,2018-2-14
方大B,2018-2-14,2018-2-14
瑞特股份,2018-4-20,2018-2-14
德国30,2018-2-14,2018-2-14
欣旺达,2017-12-19,2018-2-14
百润股份,2017-11-29,2018-2-14
山东钢铁,2018-3-27,2018-2-14
0512R028,2017-8-23,2018-2-14
上证50A,2018-2-14,2018-2-14
泰达效率,2018-2-14,2018-2-14
潜能恒信,2018-12-13,2018-2-14
江山欧派,2018-2-13,2018-2-13
中际装备,2018-2-13,2018-2-13
新元科技,2017-9-20,2018-2-13
红墙股份,2017-9-20,2018-2-13
洛阳玻璃,2017-10-10,2018-2-13
恒泰实达,2017-6-23,2018-2-13
洽洽食品,2017-10-17,2018-2-13
医药800A,2017-11-17,2018-2-13
海康威视,2018-2-27,2018-2-13
辉煌科技,2017-7-05,2018-2-13
长盛同庆,2017-7-04,2018-2-13
医疗分级,2018-2-13,2018-2-13
基金金鑫,2017-11-22,2018-2-13
东方锆业,2018-2-1,2018-2-13
闽东电力,2018-2-13,2018-2-13
大连电瓷,2017-6-27,2018-2-1
南洋科技,2017-10-11,2018-2-1
蓝盾股份,2018-2-1,2018-2-1
天夏智慧,2017-12-21,2018-2-1
尖峰集团,2018-2-1,2018-2-1
中航地产,2018-2-1,2018-2-1
复旦复华,2018-2-1,2018-2-1
GC028,2018-2-1,2018-2-1
北京利尔,2017-7-21,2018-2-1
同有科技,2018-2-1,2018-2-1
方直科技,2017-5-24,2018-2-1
鹏翎股份,2018-2-1,2018-2-1
海特高新,2016-3-29,2018-2-1
天方药业,2018-2-1,2018-2-1
RC003,2017-9-20,2018-2-1
大华农,2018-2-1,2018-2-1
东北证券,2017-10-17,2018-2-1
森源电气,2017-7-25,2018-2-1
锦江投资,2018-2-1,2018-2-1
全聚德,2017-8-29,2018-2-1
双塔食品,2018-2-1,2018-2-1
太空板业,2018-2-1,2018-2-1
舜喆B,2018-2-1,2018-2-1
普利特,2017-10-11,2018-2-1
日机密封,2018-4-9,2018-2-1
爱司凯,2018-1-18,2018-2-1
浙江鼎力,2018-2-1,2018-2-1
石大胜华,2019-1-30,2018-2-1
武钢CWB1,2018-1-16,2018-2-1
消费ETF,2018-2-1,2018-2-1
300地产A,2018-2-1,2018-2-1
北辰实业,2017-11-23,2018-1-31
海利得,2017-9-06,2018-1-31
豫金刚石,2018-2-24,2018-1-31
重组A,2018-1-31,2018-1-31
辉隆股份,2018-1-31,2018-1-31
建信300,2018-1-31,2018-1-31
科大智能,2018-2-23,2018-1-31
中飞股份,2017-5-05,2018-1-31
好当家,2017-9-22,2018-1-31
新黄浦,2018-1-31,2018-1-31
伟星新材,2018-1-31,2018-1-31
燕京啤酒,2018-1-16,2018-1-31
福建水泥,2018-4-10,2018-1-31
*ST海润,2017-8-31,2018-1-31
特一药业,2018-3-21,2018-1-31
创业板B,2018-1-31,2018-1-31
同庆A,2018-1-31,2018-1-31
农尚环境,2017-6-15,2018-1-31
长城影视,2017-9-28,2018-1-31
欧菲科技,2019-1-10,2018-1-31
深300ETF,2017-9-01,2018-1-31
丽鹏股份,2017-8-24,2018-1-31
涪陵电力,2016-3-30,2018-1-31
顺威股份,2016-3-22,2018-1-31
键桥通讯,2018-1-31,2018-1-31
新宝股份,2017-9-22,2018-1-31
300高贝B,2018-1-31,2018-1-31
招商蛇口,2018-1-16,2018-1-31
游久游戏,2017-9-12,2018-1-31
国海证券,2016-3-30,2018-1-31
银轮股份,2018-5-10,2018-1-31
天喻信息,2018-1-31,2018-1-31
FG证券A,2018-1-31,2018-1-31
华联控股,2018-1-30,2018-1-30
南京医药,2018-1-30,2018-1-30
比音勒芬,2019-1-10,2018-1-30
1000A,2018-1-30,2018-1-30
京能电力,2017-12-21,2018-1-30
东吴鼎利,2018-1-30,2018-1-30
东华能源,2018-4-9,2018-1-30
*ST舜船,2018-1-30,2018-1-30
中来股份,2019-1-8,2018-1-30
华鑫股份,2018-1-30,2018-1-30
大龙地产,2018-1-30,2018-1-30
康得新,2018-1-30,2018-1-30
同方股份,2018-1-31,2018-1-30
浙江富润,2019-1-17,2018-1-30
宏润建设,2017-11-08,2018-1-30
长城股份,2018-1-29,2018-1-29
林海股份,2018-1-29,2018-1-29
贵州燃气,2018-4-17,2018-1-22
环境C,2018-1-22,2018-1-22
信诚商品,2018-1-22,2018-1-22
杉杉股份,2018-5-10,2018-1-22
柳钢股份,2019-1-17,2018-1-18
新劲刚,2017-6-16,2018-1-18
三诺生物,2016-5-24,2018-1-18
南华生物,2018-1-18,2018-1-18
传媒A,2018-1-18,2018-1-18
沧州大化,2017-10-11,2018-1-18
深南电A,2016-4-01,2018-1-18
顺网科技,2017-7-04,2018-1-18
全志科技,2018-1-18,2018-1-18
凯美特气,2018-3-30,2018-1-18
中南建设,2018-12-13,2018-1-16
纳指ETF,2018-1-16,2018-1-16
高澜股份,2017-10-10,2018-1-16
ST生态,2018-1-16,2018-1-16
中小A,2018-1-16,2018-1-16
亚玛顿,2018-1-16,2018-1-16
新城控股,2018-6-5,2018-1-16
阳谷华泰,2018-6-29,2018-1-16
建发股份,2018-4-17,2018-1-16
大晟文化,2017-12-15,2018-1-16
勤上股份,2017-11-22,2018-1-16
证券B,2018-1-16,2018-1-16
远光软件,2018-1-16,2018-1-16
克来机电,2017-10-10,2018-1-16
联创电子,2018-3-30,2018-1-16
浩物股份,2018-5-23,2018-1-16
南都电源,2018-1-16,2018-1-16
中化国际,2019-1-9,2018-1-16
深科技,2018-1-30,2018-1-15
鹏博士,2016-4-01,2018-1-15
新亚制程,2017-6-02,2018-1-15
申万宏源,2018-6-7,2018-1-15
*ST天化,2018-1-15,2018-1-15
中国高科,2018-1-15,2018-1-15
东方通,2017-9-12,2018-1-15
先河环保,2018-4-24,2018-1-15
澳洋顺昌,2017-8-02,2018-1-15
希努尔,2018-3-14,2018-1-15
英维克,2018-1-15,2018-1-15
PT粤金曼,2018-1-15,2018-1-15
景顺TMT,2018-1-11,2018-1-11
蓝色光标,2018-3-28,2018-1-11
海螺型材,2017-10-20,2018-1-11
银座股份,2016-4-01,2018-1-11
江苏舜天,2018-1-11,2018-1-11
金河生物,2016-4-15,2018-1-11
安车检测,2019-1-22,2018-1-10
山东黄金,2017-5-17,2018-1-10
*ST云网,2017-12-12,2018-1-10
煤炭A级,2016-4-01,2018-1-10
深红利,2017-8-18,2018-1-10
科伦药业,2018-4-26,2018-1-10
新宏泰,2017-8-02,2018-1-10
中青旅,2017-6-23,2018-1-10
绿景控股,2017-9-28,2018-1-8
易华录,2017-9-13,2018-1-8
华钰矿业,2017-6-15,2018-1-8
香港小盘,2017-6-14,2018-1-8
上海凤凰,2018-1-8,2018-1-8
中源协和,2018-6-29,2018-1-8
威龙股份,2018-1-8,2018-1-8
许继电气,2017-4-28,2018-1-8
亿利达,2017-8-02,2018-1-8
上50A,2017-11-17,2018-1-8
广东明珠,2017-12-15,2018-1-8
亿纬锂能,2018-1-16,2018-1-8
和仁科技,2019-1-17,2018-1-8
雪浪环境,2017-3-14,2018-1-8
川环科技,2018-4-2,2018-1-8
雷曼股份,2018-1-8,2018-1-8
*ST天仪,2018-1-8,2018-1-8
青青稞酒,2018-1-8,2018-1-8
开元仪器,2018-1-8,2018-1-8
创业板A,2018-1-8,2018-1-8
百利科技,2017-11-30,2018-1-8
S*ST国瓷,2017-7-05,2018-1-8
新美星,2018-3-21,2018-1-8
招商地产,2017-6-30,2018-1-8
荣盛石化,2018-3-28,2018-1-8
华北高速,2017-6-15,2017-12-21
华微电子,2018-1-16,2017-12-21
银华纯债,2017-12-21,2017-12-21
工银双债,2017-12-21,2017-12-21
中国重汽,2017-8-09,2017-12-21
电广传媒,2018-5-14,2017-12-21
中银中国,2016-4-07,2017-12-21
大连港,2017-12-21,2017-12-21
爱康科技,2017-8-24,2017-12-21
华测检测,2016-4-13,2017-12-19
创新股份,2017-12-19,2017-12-19
黄山旅游,2017-12-19,2017-12-19
南京高科,2017-12-12,2017-12-19
中信证券,2019-1-10,2017-12-19
新大洲A,2017-8-17,2017-12-19
天龙股份,2018-4-18,2017-12-19
双债A,2017-5-05,2017-12-19
清水源,2019-1-11,2017-12-19
钾肥JFP1,2017-6-02,2017-12-19
远望谷,2018-5-24,2017-12-19
稳健债A,2017-12-19,2017-12-19
深桑达A,2017-12-19,2017-12-19
福达股份,2017-12-19,2017-12-19
三维通信,2017-9-15,2017-12-19
MSCIA股,2017-12-19,2017-12-19
天华院,2017-12-19,2017-12-19
飞荣达,2017-12-18,2017-12-18
创业50B,2017-12-18,2017-12-18
长春高新,2017-6-02,2017-12-18
武锅B退,2017-12-15,2017-12-15
建信进取,2017-11-23,2017-12-15
东方日升,2017-12-6,2017-12-15
赛托生物,2017-12-15,2017-12-15
焦点科技,2017-6-02,2017-12-15
江苏国泰,2017-9-20,2017-12-15
九强生物,2017-5-03,2017-12-15
开能环保,2017-12-15,2017-12-15
ＲＣ-003,2017-7-20,2017-12-15
临港B股,2017-12-15,2017-12-15
攀钢AGP1,2017-12-15,2017-12-15
东方电气,2017-7-27,2017-12-15
保利地产,2018-12-10,2017-12-14
新洋丰,2018-1-8,2017-12-14
桐昆股份,2017-8-29,2017-12-14
万方发展,2017-7-31,2017-12-14
顾家家居,2017-12-14,2017-12-14
光洋股份,2018-5-25,2017-12-14
华通医药,2017-12-12,2017-12-14
汇利A,2017-12-13,2017-12-13
如意集团,2016-4-01,2017-12-13
紫鑫药业,2019-1-10,2017-12-13
军工A,2017-12-13,2017-12-13
深成长,2017-5-03,2017-12-13
安控科技,2017-9-12,2017-12-13
深圳燃气,2017-7-06,2017-12-13
0601R028,2017-12-13,2017-12-13
通化金马,2017-12-12,2017-12-12
新机遇,2017-12-12,2017-12-12
华讯方舟,2017-12-6,2017-12-12
搜于特,2017-12-12,2017-12-12
兰州黄河,2018-1-16,2017-12-12
九鼎新材,2016-5-24,2017-12-12
纳川股份,2017-9-20,2017-12-12
*ST炎黄,2017-12-12,2017-12-12
四川金顶,2018-4-18,2017-12-12
三垒股份,2018-6-7,2017-12-12
海量数据,2018-3-9,2017-12-12
福成股份,2017-12-12,2017-12-12
梅泰诺,2017-12-6,2017-12-6
民丰特纸,2017-12-6,2017-12-6
潮宏基,2018-3-20,2017-12-6
振华重工,2017-12-6,2017-12-6
华锐风电,2017-9-06,2017-12-6
中证500,2017-6-16,2017-12-6
华昌达,2017-8-10,2017-12-6
瑞贝卡,2018-6-29,2017-12-6
沃尔核材,2018-3-30,2017-11-30
汇洁股份,2017-11-30,2017-11-30
神宇股份,2017-8-10,2017-11-30
步步高,2018-2-24,2017-11-30
民盛金科,2017-11-30,2017-11-30
桂冠电力,2017-11-30,2017-11-30
神力股份,2017-6-15,2017-11-30
通海高科,2017-11-30,2017-11-30
三钢闽光,2018-3-30,2017-11-30
中国武夷,2018-12-13,2017-11-30
国创高新,2018-5-3,2017-11-30
中信国安,2018-6-8,2017-11-30
奋达科技,2017-11-30,2017-11-30
深康佳B,2017-11-30,2017-11-30
中鼎股份,2018-4-10,2017-11-29
交大昂立,2017-9-06,2017-11-29
机器人,2017-12-6,2017-11-29
联发股份,2017-6-22,2017-11-29
道森股份,2017-11-29,2017-11-29
金证股份,2017-7-20,2017-11-29
华鲁恒升,2017-8-18,2017-11-29
180高ETF,2017-11-29,2017-11-29
鼎利B,2017-11-29,2017-11-29
新日恒力,2017-11-29,2017-11-29
华意压缩,2017-11-29,2017-11-29
上海新阳,2018-12-20,2017-11-29
鹏华添利,2017-4-21,2017-11-29
时代出版,2017-6-22,2017-11-24
天顺股份,2017-9-20,2017-11-24
景兴纸业,2018-2-28,2017-11-24
商品A,2017-11-24,2017-11-24
再升科技,2018-6-5,2017-11-24
民生银行,2018-4-12,2017-11-24
易世达,2017-10-17,2017-11-24
粤电力A,2017-8-02,2017-11-24
申万量化,2017-10-10,2017-11-23
润和软件,2018-6-4,2017-11-23
安迪苏,2017-12-13,2017-11-23
新海宜,2017-11-23,2017-11-23
环保A,2017-11-23,2017-11-23
云海金属,2017-11-17,2017-11-23
380ETF,2017-10-13,2017-11-23
腾达建设,2017-6-22,2017-11-23
TCL集团,2019-1-23,2017-11-23
新国都,2017-11-22,2017-11-23
方大炭素,2017-10-17,2017-11-23
天津磁卡,2018-5-18,2017-11-23
景顺医药,2017-11-22,2017-11-22
荃银高科,2018-5-9,2017-11-22
合力泰,2017-6-20,2017-11-22
长城电脑,2017-11-22,2017-11-22
联泰环保,2017-11-03,2017-11-22
醋化股份,2016-5-20,2017-11-22
珠海港,2017-12-6,2017-11-22
萃华珠宝,2017-9-12,2017-11-22
R007,2017-11-22,2017-11-22
威帝股份,2016-3-29,2017-11-22
大通燃气,2018-3-21,2017-11-22
华媒控股,2017-11-22,2017-11-22
钱江摩托,2018-4-28,2017-11-22
华凯创意,2017-12-19,2017-11-22
健民集团,2017-11-22,2017-11-22
林洋能源,2017-11-22,2017-11-22
三一重工,2018-4-17,2017-11-22
神雾节能,2017-6-15,2017-11-22
大地传媒,2017-11-22,2017-11-22
阳煤化工,2017-9-14,2017-11-22
柏堡龙,2017-5-12,2017-11-20
冰川网络,2017-11-20,2017-11-20
乾照光电,2016-4-01,2017-11-20
中国船舶,2017-11-17,2017-11-17
云铝股份,2018-1-31,2017-11-17
500信息,2017-11-17,2017-11-17
黔源电力,2017-11-17,2017-11-17
国泰淘新,2017-7-12,2017-11-17
爱普股份,2017-11-17,2017-11-17
智度股份,2017-11-17,2017-11-17
双禧B,2017-11-17,2017-11-17
中水渔业,2017-10-12,2017-11-17
联建光电,2017-12-11,2017-11-17
红太阳,2017-10-12,2017-11-17
安正时尚,2018-3-29,2017-11-17
花园生物,2019-1-11,2017-11-17
易基综债,2017-7-27,2017-11-13
易基永旭,2017-11-09,2017-11-09
神剑股份,2018-3-20,2017-11-09
森马服饰,2018-5-3,2017-11-09
兆新股份,2018-7-18,2017-11-08
三毛B股,2017-8-18,2017-11-08
杭氧股份,2017-5-19,2017-11-08
镇海股份,2018-1-11,2017-11-08
凯撒旅游,2016-5-18,2017-11-08
大连圣亚,2017-11-08,2017-11-08
天龙集团,2017-6-30,2017-11-08
大恒科技,2017-11-03,2017-11-03
五洋科技,2017-11-03,2017-11-03
京运通,2017-11-03,2017-11-03
巴士在线,2017-11-03,2017-11-03
有色800A,2017-11-03,2017-11-03
白云电器,2017-10-10,2017-11-03
浪潮软件,2017-11-03,2017-11-03
科达利,2017-11-03,2017-11-03
中钢国际,2017-9-12,2017-11-03
滨海能源,2018-5-4,2017-11-03
泰格医药,2017-11-03,2017-11-03
纳指100,2017-11-03,2017-11-03
超讯通信,2018-3-28,2017-11-03
掌阅科技,2017-11-08,2017-11-03
梅花生物,2018-3-23,2017-10-20
北化股份,2017-10-20,2017-10-20
世龙实业,2017-10-20,2017-10-20
民德电子,2018-1-11,2017-10-20
建信稳健,2017-10-20,2017-10-20
天孚通信,2017-10-20,2017-10-20
金智科技,2017-11-17,2017-10-20
中通国脉,2017-11-03,2017-10-20
证保A,2017-10-20,2017-10-20
德宏股份,2017-6-13,2017-10-20
工大高新,2017-10-20,2017-10-20
保龄宝,2017-10-20,2017-10-20
航天发展,2018-3-15,2017-10-20
银河磁体,2018-3-28,2017-10-20
水晶光电,2017-12-21,2017-10-20
国旅联合,2018-3-23,2017-10-20
苏大维格,2017-10-20,2017-10-20
*ST圣莱,2017-10-20,2017-10-20
宝钢包装,2017-10-20,2017-10-20
天雁B股,2017-10-20,2017-10-20
三变科技,2017-9-22,2017-10-20
泰山石油,2017-10-18,2017-10-18
兆日科技,2017-10-18,2017-10-18
茂硕电源,2017-10-18,2017-10-18
川润股份,2017-10-18,2017-10-18
阳光城,2017-9-07,2017-10-17
瑞和股份,2019-2-1,2017-10-17
精伦电子,2017-10-17,2017-10-17
Ｒ-182,2017-10-17,2017-10-17
得润电子,2018-12-13,2017-10-17
基金泰和,2017-3-15,2017-10-17
安通控股,2017-6-14,2017-10-17
中茵股份,2017-10-17,2017-10-17
共达电声,2016-4-12,2017-10-17
世联行,2016-3-30,2017-10-16
四川路桥,2017-9-15,2017-10-16
百利电气,2018-4-19,2017-10-16
国投消费,2017-10-16,2017-10-16
科泰电源,2017-12-19,2017-10-13
通灵珠宝,2017-9-20,2017-10-13
美尔雅,2017-7-28,2017-10-13
宏盛股份,2017-9-20,2017-10-13
大成小盘,2017-7-28,2017-10-13
山鹰纸业,2017-7-21,2017-10-13
鹏华银行B,2017-10-13,2017-10-13
温州宏丰,2017-7-19,2017-10-13
中证500A,2017-10-13,2017-10-13
良信电器,2016-4-15,2017-10-12
恒瑞医药,2017-12-6,2017-10-12
塞力斯,2017-10-12,2017-10-12
我武生物,2018-1-11,2017-10-12
万家创B,2017-10-12,2017-10-12
资源ETF,2017-10-12,2017-10-12
岱勒新材,2018-2-28,2017-10-11
中欧趋势,2017-10-11,2017-10-11
东方能源,2017-10-11,2017-10-11
三星新材,2017-10-11,2017-10-11
ST昌九,2018-3-2,2017-10-11
陕天然气,2017-10-11,2017-10-11
北京文化,2017-8-01,2017-10-11
可转债B,2017-10-11,2017-10-11
国泰优先,2017-10-11,2017-10-11
开创国际,2017-7-13,2017-10-11
河北宣工,2017-4-28,2017-10-11
恒泰艾普,2017-12-12,2017-10-11
加加食品,2017-10-11,2017-10-11
光明乳业,2017-10-11,2017-10-11
中粮糖业,2017-8-29,2017-10-11
300高贝A,2017-10-11,2017-10-11
毅昌股份,2017-10-10,2017-10-10
科新机电,2017-4-18,2017-10-10
尚荣医疗,2017-7-28,2017-10-10
大北农,2017-5-24,2017-10-10
普邦股份,2018-4-9,2017-10-10
佳创视讯,2017-6-30,2017-10-10
神思电子,2017-9-28,2017-10-10
飞亚达B,2017-10-09,2017-10-10
旋极信息,2018-4-18,2017-10-10
央企ETF,2017-10-10,2017-10-10
环能科技,2017-10-09,2017-10-09
冀凯股份,2018-5-31,2017-10-09
国金300A,2017-10-09,2017-10-09
三房巷,2017-7-05,2017-10-09
基金兴和,2017-8-10,2017-10-09
德信A,2017-9-28,2017-9-28
曲美家居,2017-9-11,2017-9-28
天音控股,2018-12-20,2017-9-28
赢时胜,2017-10-12,2017-9-28
世纪星源,2017-9-28,2017-9-28
信立泰,2017-9-28,2017-9-28
扬子新材,2016-4-15,2017-9-27
金安国纪,2017-8-25,2017-9-27
博闻科技,2017-9-27,2017-9-27
盛洋科技,2017-9-27,2017-9-27
财信发展,2016-3-23,2017-9-27
群兴玩具,2017-5-24,2017-9-27
界龙实业,2017-9-22,2017-9-22
达刚路机,2017-9-22,2017-9-22
王府井,2018-4-28,2017-9-22
上海凯宝,2017-8-18,2017-9-22
千禾味业,2017-5-17,2017-9-22
保险A,2017-9-22,2017-9-22
中钨高新,2018-4-20,2017-9-21
SW医药A,2017-9-21,2017-9-21
深圳惠程,2017-12-15,2017-9-21
穗恒运A,2017-11-20,2017-9-21
巨化股份,2018-4-20,2017-9-21
峨眉山A,2017-9-21,2017-9-21
银江股份,2017-11-17,2017-9-21
海富100,2017-9-21,2017-9-21
神奇B股,2017-7-27,2017-9-20
四方达,2017-9-20,2017-9-20
华兰生物,2017-11-08,2017-9-20
威尔泰,2017-8-10,2017-9-20
德创环保,2017-9-20,2017-9-20
国脉科技,2017-9-20,2017-9-20
开开B股,2017-9-20,2017-9-20
城市传媒,2017-11-22,2017-9-20
招商银行,2018-4-28,2017-9-20
艾派克,2017-9-20,2017-9-20
海南椰岛,2017-9-20,2017-9-20
洋河股份,2018-4-27,2017-9-20
兰石重装,2017-6-14,2017-9-20
高新兴,2017-9-20,2017-9-20
耀皮玻璃,2017-12-13,2017-9-20
博晖创新,2017-9-20,2017-9-20
东方网络,2018-12-20,2017-9-20
金鹰500A,2017-9-20,2017-9-20
华鼎锦纶,2017-5-25,2017-9-20
皖能电力,2017-9-20,2017-9-20
山东药玻,2018-4-24,2017-9-15
新澳股份,2017-9-15,2017-9-15
龙江交通,2017-8-25,2017-9-15
麦迪科技,2017-7-19,2017-9-15
中兵红箭,2017-5-12,2017-9-15
0513R007,2017-7-06,2017-9-15
友阿股份,2017-7-20,2017-9-15
中材国际,2016-3-25,2017-9-15
*ST达曼,2017-9-15,2017-9-15
通策医疗,2017-9-15,2017-9-15
万达电影,2018-6-7,2017-9-14
振华科技,2017-9-14,2017-9-14
平安银行,2018-3-15,2017-9-14
露天煤业,2017-7-12,2017-9-14
益盛药业,2017-6-22,2017-9-14
龙力生物,2017-9-14,2017-9-14
爱尔眼科,2016-5-24,2017-9-13
科华恒盛,2018-2-27,2017-9-13
劲嘉股份,2016-4-12,2017-9-13
哈投股份,2017-9-12,2017-9-12
欧普照明,2018-6-6,2017-9-12
ST云维,2017-5-12,2017-9-12
开尔新材,2017-8-04,2017-9-12
酒A,2017-8-23,2017-9-12
韶钢松山,2018-1-16,2017-9-12
黄山胶囊,2017-9-12,2017-9-12
恒华科技,2018-3-16,2017-9-12
基金科瑞,2017-9-12,2017-9-12
国农科技,2017-9-12,2017-9-12
改革A,2017-6-27,2017-9-11
大禹节水,2017-8-31,2017-9-11
金陵饭店,2018-3-2,2017-9-07
光大证券,2017-9-07,2017-9-07
银华锐进,2017-7-21,2017-9-07
星徽精密,2018-7-18,2017-9-06
锦旅B股,2018-6-29,2017-9-06
宁波富达,2017-9-06,2017-9-06
亿晶光电,2017-12-12,2017-9-06
杭州解百,2017-9-06,2017-9-06
广发睿吉,2017-9-06,2017-9-06
申科股份,2017-9-06,2017-9-06
百联B股,2017-9-06,2017-9-06
均胜电子,2019-1-7,2017-9-06
ST宏盛,2017-11-22,2017-9-06
盐津铺子,2017-9-06,2017-9-06
大连友谊,2017-9-12,2017-9-06
南京银行,2018-1-18,2017-9-06
国防A,2017-9-06,2017-9-06
开开实业,2017-9-06,2017-9-06
阿胶EJC1,2017-3-15,2017-9-06
万向德农,2017-9-06,2017-9-06
*ST哈慈,2017-9-06,2017-9-06
安琪酵母,2017-10-11,2017-9-06
四维图新,2017-9-06,2017-9-06
金融行业,2017-5-19,2017-9-04
洪汇新材,2017-9-04,2017-9-04
中证地产,2017-5-17,2017-9-04
昊华能源,2018-4-24,2017-9-01
德联集团,2017-12-6,2017-9-01
吉艾科技,2017-4-20,2017-9-01
金自天正,2017-9-01,2017-9-01
潞安环能,2017-10-13,2017-9-01
广汇物流,2017-9-01,2017-9-01
祁连山,2017-10-10,2017-9-01
丹邦科技,2017-9-01,2017-9-01
新文化,2018-5-29,2017-9-01
广晟有色,2017-9-01,2017-9-01
上海石化,2017-9-01,2017-9-01
创兴资源,2017-9-01,2017-9-01
九泰泰富,2017-9-01,2017-9-01
创力集团,2018-5-16,2017-8-31
道氏技术,2018-4-24,2017-8-31
ST昌鱼,2018-4-27,2017-8-29
中航三鑫,2017-9-15,2017-8-29
北大荒,2017-8-29,2017-8-29
上汽集团,2017-10-11,2017-8-29
工银增利,2017-8-29,2017-8-29
中航重机,2017-6-30,2017-8-25
乐凯新材,2018-3-20,2017-8-25
广州发展,2017-8-25,2017-8-25
神州易桥,2017-8-25,2017-8-25
江河集团,2018-5-17,2017-8-25
利德曼,2018-7-16,2017-8-25
500沪市ETF,2017-8-25,2017-8-25
江中药业,2018-5-18,2017-8-25
华立股份,2017-9-22,2017-8-24
武汉凡谷,2017-8-24,2017-8-24
吉林森工,2018-6-5,2017-8-23
基金汉盛,2017-8-23,2017-8-23
长荣股份,2018-5-31,2017-8-21
景顺资源,2017-8-18,2017-8-18
国投创B,2017-8-18,2017-8-18
慈星股份,2017-8-18,2017-8-18
格力电器,2019-1-17,2017-8-18
南宁百货,2017-7-07,2017-8-18
大华股份,2017-7-18,2017-8-18
赛升药业,2017-8-18,2017-8-18
新疆城建,2017-8-17,2017-8-17
仟源医药,2017-8-16,2017-8-16
青岛双星,2017-8-16,2017-8-16
上海物贸,2018-1-30,2017-8-16
三环集团,2018-3-14,2017-8-16
风范股份,2018-2-27,2017-8-16
一带一B,2017-8-16,2017-8-16
中国铝业,2018-3-23,2017-8-14
大众B股,2017-8-10,2017-8-10
中国医药,2017-8-10,2017-8-10
吴通控股,2017-8-24,2017-8-10
H股ETF,2017-8-10,2017-8-10
双翼B,2017-8-10,2017-8-10
创业板50,2017-8-10,2017-8-10
林州重机,2017-8-10,2017-8-10
东方明珠,2017-5-03,2017-8-10
海信电器,2017-8-10,2017-8-10
中国核建,2018-3-14,2017-8-10
山东地矿,2017-8-10,2017-8-10
亚夏汽车,2018-5-23,2017-8-07
三夫户外,2017-8-04,2017-8-04
赤峰黄金,2016-4-11,2017-8-03
西水股份,2018-12-13,2017-8-03
国际实业,2017-8-03,2017-8-03
华菱星马,2017-6-20,2017-8-03
中小ETF,2017-8-03,2017-8-03
Ｒ-003,2017-8-02,2017-8-02
三湘印象,2017-8-02,2017-8-02
华达科技,2017-8-02,2017-8-02
昆药集团,2017-8-02,2017-8-02
中粮地产,2017-8-07,2017-8-01
奥特佳,2018-4-2,2017-8-01
石英股份,2018-6-5,2017-8-01
鄂尔多斯,2018-2-24,2017-8-01
拓邦股份,2018-3-27,2017-7-31
上海三毛,2018-12-20,2017-7-31
一拖股份,2017-7-25,2017-7-31
福建高速,2017-7-31,2017-7-31
昇兴股份,2017-7-28,2017-7-28
中航高科,2017-8-25,2017-7-27
雪峰科技,2017-7-27,2017-7-27
东方集团,2017-5-22,2017-7-27
*ST川化,2017-7-27,2017-7-27
美锦能源,2018-1-8,2017-7-26
小康ETF,2017-7-26,2017-7-26
云南能投,2017-12-21,2017-7-26
安彩高科,2017-7-26,2017-7-26
西山煤电,2018-1-31,2017-7-25
银华800A,2017-7-25,2017-7-25
中铁工业,2017-7-25,2017-7-25
太阳电缆,2017-7-25,2017-7-25
高乐股份,2017-7-28,2017-7-21
欣龙控股,2018-1-16,2017-7-20
江海股份,2017-7-20,2017-7-20
恒信移动,2017-7-20,2017-7-20
综艺股份,2017-7-20,2017-7-20
姚记扑克,2016-3-22,2017-7-20
新野纺织,2018-2-24,2017-7-20
奇正藏药,2017-7-20,2017-7-20
裕兴股份,2017-7-19,2017-7-19
国债ETF,2016-5-26,2017-7-19
贵人鸟,2017-7-19,2017-7-19
亿阳信通,2017-7-19,2017-7-19
露笑科技,2018-3-6,2017-7-19
信诚深度,2017-7-19,2017-7-19
深康佳A,2018-5-22,2017-7-18
明家联合,2017-7-18,2017-7-18
鱼跃医疗,2016-4-14,2017-7-17
中安消,2017-7-17,2017-7-17
凤凰光学,2017-5-12,2017-7-17
华电重工,2018-3-13,2017-7-17
亚威股份,2017-7-13,2017-7-13
金亚科技,2016-5-18,2017-7-13
浙江东方,2018-3-14,2017-7-13
康普顿,2016-3-25,2017-7-12
泸天化,2017-7-12,2017-7-12
霞客环保,2017-9-27,2017-7-11
士兰微,2017-7-26,2017-7-07
新都退,2017-7-07,2017-7-07
海达股份,2018-1-30,2017-7-07
东方钽业,2019-1-30,2017-7-07
PT南洋,2017-7-07,2017-7-07
横店东磁,2017-7-06,2017-7-06
华峰氨纶,2017-10-20,2017-7-06
襄阳轴承,2017-7-05,2017-7-05
纳尔股份,2017-7-05,2017-7-05
金贵银业,2017-7-12,2017-7-05
宁夏建材,2017-8-18,2017-7-05
川金诺,2017-12-15,2017-7-05
大名城B,2017-7-05,2017-7-05
山东高速,2016-4-12,2017-7-05
华鹏飞,2018-5-11,2017-7-05
长虹CWB1,2017-7-05,2017-7-05
龙洲股份,2018-4-20,2017-7-05
ST景谷,2017-7-04,2017-7-04
迪安诊断,2018-2-13,2017-7-04
洪城水业,2017-12-12,2017-7-04
国企ETF,2017-7-04,2017-7-04
华发股份,2018-12-14,2017-7-04
永清环保,2017-6-30,2017-6-30
赛为智能,2016-3-29,2017-6-30
亿利洁能,2017-6-20,2017-6-30
安信信托,2017-6-30,2017-6-30
常熟汽饰,2018-1-11,2017-6-30
天玑科技,2017-6-30,2017-6-30
长方集团,2017-6-29,2017-6-29
歌力思,2017-8-09,2017-6-29
利众B,2017-6-29,2017-6-29
齐峰新材,2018-5-31,2017-6-29
万达信息,2017-6-29,2017-6-29
赣粤CWB1,2017-6-29,2017-6-29
上海沪工,2018-5-31,2017-6-28
九阳股份,2017-11-09,2017-6-28
国轩高科,2017-5-23,2017-6-28
元祖股份,2017-6-28,2017-6-28
0504R007,2017-6-28,2017-6-28
道恩股份,2018-3-27,2017-6-28
精达股份,2018-1-8,2017-6-27
博信股份,2017-11-29,2017-6-27
今天国际,2018-4-18,2017-6-27
人民网,2017-9-06,2017-6-27
宏发股份,2017-6-27,2017-6-27
银华鑫盛,2017-6-02,2017-6-27
海联讯,2017-12-19,2017-6-27
聚隆科技,2017-6-27,2017-6-27
天和防务,2017-6-23,2017-6-27
东音股份,2018-3-6,2017-6-27
久之洋,2017-6-27,2017-6-27
建投能源,2017-12-6,2017-6-26
博时睿利,2017-6-26,2017-6-26
基金景福,2017-6-26,2017-6-26
ST运盛,2018-4-11,2017-6-23
众合科技,2019-1-11,2017-6-23
天汽模,2017-6-23,2017-6-23
同丰B,2017-6-23,2017-6-23
富控互动,2017-6-23,2017-6-23
九安医疗,2018-5-22,2017-6-22
桂林三金,2017-6-22,2017-6-22
*ST石化A,2017-6-22,2017-6-22
中药C,2017-6-21,2017-6-21
掌趣科技,2017-6-27,2017-6-21
富通昭和,2017-6-21,2017-6-21
福能股份,2017-11-30,2017-6-21
联络互动,2017-8-02,2017-6-21
嘉实恒生,2017-6-21,2017-6-21
市北B股,2017-5-19,2017-6-21
鲁阳节能,2018-3-15,2017-6-21
广发添利,2017-6-21,2017-6-21
鲁信创投,2017-11-29,2017-6-21
大西洋,2017-6-21,2017-6-21
广汽集团,2017-8-24,2017-6-21
江山股份,2018-4-24,2017-6-20
升达林业,2017-6-20,2017-6-20
锡业股份,2017-5-12,2017-6-20
中欧强债,2017-6-20,2017-6-20
金桥B股,2017-6-20,2017-6-20
安洁科技,2017-6-20,2017-6-20
口子窖,2018-4-27,2017-6-20
*ST佳电,2017-6-20,2017-6-20
银华鑫瑞,2017-6-16,2017-6-16
乐凯胶片,2017-6-15,2017-6-15
绿盟科技,2018-1-30,2017-6-15
东方锅炉,2017-6-15,2017-6-15
依米康,2018-6-8,2017-6-14
至纯科技,2017-9-21,2017-6-14
远方光电,2017-6-14,2017-6-14
新疆众和,2017-7-25,2017-6-13
兰州民百,2019-1-10,2017-6-06
远兴能源,2018-5-7,2017-6-02
瑞和小康,2016-4-12,2017-6-02
鼎龙股份,2017-6-02,2017-6-02
浙江东日,2017-6-02,2017-6-02
杭汽轮B,2019-1-23,2017-6-02
石化机械,2017-6-02,2017-6-02
华联综超,2017-6-02,2017-6-02
华宝油气,2017-5-24,2017-6-02
思美传媒,2019-1-9,2017-6-02
大族激光,2018-4-24,2017-6-02
坤彩科技,2019-1-22,2017-6-02
平高电气,2019-2-1,2017-5-31
长江电力,2017-6-16,2017-5-31
鹭燕医药,2016-3-24,2017-5-26
大秦铁路,2017-8-10,2017-5-26
松发股份,2017-5-25,2017-5-25
申赎现金,2017-5-25,2017-5-25
天通股份,2018-3-28,2017-5-25
合润A,2017-5-24,2017-5-24
日出东方,2017-6-16,2017-5-24
航天机电,2017-5-23,2017-5-23
英特集团,2017-12-15,2017-5-23
红蜻蜓,2017-5-23,2017-5-23
时代万恒,2018-5-8,2017-5-23
凤竹纺织,2017-5-23,2017-5-23
博通股份,2017-5-22,2017-5-22
海油工程,2017-5-19,2017-5-19
利欧股份,2017-5-19,2017-5-19
深圳华强,2017-5-17,2017-5-19
农业精选,2017-5-17,2017-5-17
中关村,2017-5-17,2017-5-17
0601R091,2017-5-17,2017-5-17
同兴达,2017-9-06,2017-5-17
顺鑫农业,2017-5-12,2017-5-12
福耀玻璃,2018-6-29,2017-5-12
金洲管道,2017-8-31,2017-5-12
伊利股份,2018-1-11,2017-5-12
互联A,2017-5-12,2017-5-12
兔宝宝,2018-1-11,2017-5-12
海王生物,2017-12-6,2017-5-12
井神股份,2019-1-17,2017-5-12
歌华有线,2017-5-12,2017-5-12
宁波联合,2018-4-4,2017-5-12
益佰制药,2017-5-05,2017-5-05
万里扬,2017-5-05,2017-5-05
道明光学,2017-7-13,2017-5-05
东诚药业,2019-1-11,2017-5-05
金字火腿,2018-3-6,2017-5-05
欢瑞世纪,2018-5-3,2017-5-05
南纺股份,2017-5-26,2017-5-05
华信国际,2017-5-05,2017-5-05
银华信用,2017-5-04,2017-5-04
攀渝钛业,2016-4-14,2017-5-04
万里石,2017-10-12,2017-5-04
融捷股份,2017-5-04,2017-5-04
钢研高纳,2017-5-04,2017-5-04
三棵树,2018-2-1,2017-5-03
*ST天首,2017-4-28,2017-4-28
宋都股份,2017-4-28,2017-4-28
青龙管业,2017-4-27,2017-4-27
华谊B股,2017-4-27,2017-4-27
智云股份,2017-11-22,2017-4-25
罗平锌电,2017-4-21,2017-4-21
国富100B,2017-4-21,2017-4-21
格林美,2017-12-19,2017-4-21
券商ETF,2017-4-20,2017-4-20
中国一重,2017-4-20,2017-4-20
郑州煤电,2017-4-18,2017-4-18
金风科技,2017-4-18,2017-4-18
PT水仙B,2017-4-18,2017-4-18
*ST商城,2017-4-18,2017-4-18
滨江集团,2018-3-16,2017-4-18
中欧信用,2017-4-18,2017-4-18
烽火通信,2017-4-18,2017-4-18
新华网,2017-10-17,2017-4-18
基金天华,2017-3-17,2017-3-17
金瑞矿业,2017-3-17,2017-3-17
华建集团,2018-5-15,2017-3-15
美亚光电,2017-3-15,2017-3-15
佳电股份,2016-4-14,2017-3-15
众生药业,2018-4-17,2017-3-15
消费行业,2017-3-14,2017-3-14
苏宁环球,2018-12-13,2017-3-14
央企申赎,2017-3-14,2017-3-14
九洲电气,2017-3-10,2017-3-10
万顺股份,2017-6-02,2017-3-10
金诚信,2018-4-4,2017-3-10
美亚柏科,2018-3-23,2016-5-26
*ST八钢,2016-5-26,2016-5-26
海澜之家,2017-11-09,2016-5-26
富瑞特装,2017-7-12,2016-5-26
哈尔斯,2016-5-24,2016-5-24
贵糖股份,2016-5-24,2016-5-24
奥赛康,2016-5-24,2016-5-24
带路A,2016-5-20,2016-5-20
银华H股,2016-5-18,2016-5-20
科士达,2018-3-2,2016-5-18
红星发展,2018-1-30,2016-5-18
恒星科技,2016-5-18,2016-5-18
宝钢股份,2018-4-10,2016-4-15
中金岭南,2017-10-13,2016-4-15
鞍钢股份,2018-1-18,2016-4-15
医药基金,2016-4-15,2016-4-15
五粮液,2018-4-28,2016-4-15
300地产B,2016-4-15,2016-4-15
华泰股份,2017-7-18,2016-4-14
蓝科高新,2016-4-14,2016-4-14
中粮生化,2018-3-7,2016-4-14
万向钱潮,2017-9-27,2016-4-14
凯乐科技,2018-3-6,2016-4-14
海创B股,2016-4-14,2016-4-14
龙韵股份,2017-10-18,2016-4-14
大庆华科,2016-4-13,2016-4-13
久联发展,2017-9-20,2016-4-13
上实医药,2016-4-13,2016-4-13
美菱电器,2016-4-12,2016-4-12
天沃科技,2018-6-29,2016-4-11
华贸物流,2018-6-29,2016-4-11
华夏快线,2016-4-11,2016-4-11
S*ST托普,2016-4-07,2016-4-07
软控股份,2018-2-23,2016-4-07
五洲交通,2018-3-16,2016-4-07
ST新梅,2017-6-06,2016-4-01
新湖创业,2016-4-01,2016-4-01
大名城,2017-10-18,2016-4-01
贝肯能源,2018-4-19,2016-4-01
太安堂,2016-4-01,2016-4-01
云南铜业,2017-12-19,2016-3-31
利君股份,2016-3-30,2016-3-30
中海油服,2016-3-30,2016-3-30
风华高科,2018-4-10,2016-3-29
中银产债,2016-3-29,2016-3-29
鼎捷软件,2016-3-28,2016-3-28
日上集团,2017-7-11,2016-3-28
江南高纤,2017-8-18,2016-3-28
美邦服饰,2016-3-25,2016-3-25
营口港,2016-3-24,2016-3-24
S*ST金荔,2016-3-24,2016-3-24
大摩资源,2016-3-24,2016-3-24
新和成,2018-4-28,2016-3-24
黄河旋风,2016-3-23,2016-3-23
常宝股份,2017-12-6,2016-3-22
国泰君安,2019-1-10,2019-1-10
东华软件,2018-5-28,2018-5-28
三六零,2018-2-28,2018-3-20
万泽股份,2018-5-25,2018-5-25
贵州茅台,2018-3-28,2018-4-28
旗滨集团,2018-12-13,2017-10-11
众泰汽车,2018-4-27,2018-5-3
超华科技,2018-3-13,2018-3-13
长亮科技,2018-3-7,2018-3-7
太极实业,2018-2-28,2018-5-18
宏达电子,2018-5-11,2018-5-11
ST坊展,2017-8-04,2017-8-04
宜华健康,2018-5-3,2018-5-3
分众传媒,2018-4-25,2018-4-25
勘设股份,2017-12-13,2018-2-24
泰禾集团,2017-9-21,2017-8-04
山东威达,2017-9-06,2017-9-06
北新路桥,2017-6-01,2017-11-09
世茂股份,2017-10-12,2019-1-7
正平股份,2017-6-28,2017-11-23
藏格控股,2017-6-27,2018-7-16
中国交建,2018-3-13,2017-10-11
亿联网络,2018-4-25,2018-4-25
海默科技,2018-2-14,2018-3-9
安居宝,2017-6-13,2017-6-13
浙江众成,2017-11-09,2017-11-09
迈克生物,2017-11-08,2017-11-08
东宝生物,2018-3-9,2017-9-15
*ST罗顿,2018-5-10,2018-5-10
智飞生物,2018-2-27,2017-10-12
永安行,2017-12-18,2017-12-19
ST沪科,2018-4-3,2018-4-3
华夏幸福,2018-4-17,2017-6-06
万邦德,2016-3-23,2017-11-30
先导智能,2018-3-8,2018-2-27
隆基股份,2018-1-18,2018-1-18
宝通科技,2017-10-17,2017-10-17
南天信息,2018-3-9,2018-2-23
华大基因,2019-1-10,2019-1-10
一品红,2018-6-6,2018-6-6
云内动力,2017-12-21,2017-12-15
湖南海利,2018-1-16,2017-4-27
川投能源,2018-3-30,2018-3-30
中央商场,2017-10-20,2017-12-14
中工国际,2016-4-01,2016-4-01
奥拓电子,2018-3-20,2018-5-25
新华保险,2018-4-27,2019-1-8
力源信息,2018-4-4,2017-7-07
中国石化,2018-3-26,2018-3-26
通威股份,2018-5-28,2017-9-11
海伦哲,2017-7-12,2017-12-14
福田汽车,2018-5-4,2018-3-7
广博股份,2017-11-29,2018-4-13
卫光生物,2017-9-06,2017-9-06
力盛赛车,2018-6-6,2018-4-2
赛摩电气,2017-10-16,2017-10-16
安德利,2018-1-8,2018-1-8
新华都,2017-9-27,2017-9-27
武进不锈,2019-1-22,2019-1-22
兴业证券,2018-1-31,2019-1-10
中航机电,2017-6-30,2019-1-9
贵州百灵,2018-12-14,2018-12-14
东旭光电,2018-5-23,2017-12-13
粤水电,2017-9-15,2019-1-30
首钢股份,2018-1-31,2018-1-31
万安科技,2018-12-14,2018-12-14
华金资本,2017-10-11,2017-10-11
威唐工业,2018-2-14,2018-2-14
新宁物流,2017-8-25,2017-8-25
青岛啤酒,2017-12-21,2018-3-28
信达地产,2018-5-31,2017-7-20
祥源文化,2017-12-6,2017-12-6
龙元建设,2017-6-06,2017-12-6
轴研科技,2017-6-29,2017-6-29
健帆生物,2019-2-14,2019-2-14
捷成股份,2018-2-27,2018-2-27
禾望电气,2018-4-3,2018-4-3
宏图高科,2018-3-8,2018-12-13
海南橡胶,2018-1-18,2018-1-18
联合光电,2018-4-17,2018-4-17
围海股份,2017-9-12,2018-3-20
无锡银行,2018-1-10,2018-3-30
*ST海投,2018-5-7,2018-5-7
新凤鸣,2018-2-26,2018-2-26
天首发展,2018-6-1,2017-6-27
金信诺,2019-1-22,2019-1-22
中国海诚,2017-9-22,2017-9-22
伊戈尔,2018-1-11,2018-1-11
江特电机,2018-3-20,2018-3-15
炬华科技,2018-6-7,2017-12-12
东方材料,2018-4-26,2018-4-26
亨通光电,2017-7-31,2017-11-24
海陆重工,2018-6-5,2018-6-5
粤高速A,2017-10-11,2018-3-28
万邦达,2018-3-20,2018-3-20
永兴特钢,2019-2-14,2017-12-13
北京科锐,2017-12-21,2018-6-29
易联众,2018-5-3,2017-12-19
天邦股份,2018-4-9,2018-4-9
首开股份,2018-3-13,2019-1-10
中国巨石,2018-3-20,2018-12-10
航锦科技,2018-5-4,2018-6-5
顺灏股份,2019-2-13,2019-2-13
沙河股份,2017-8-31,2017-8-31
金逸影视,2018-3-30,2018-4-12
莱绅通灵,2018-3-16,2018-3-16
晶盛机电,2018-5-3,2018-3-6
高能环境,2017-10-18,2018-4-2
浙江交科,2018-3-14,2018-3-14
久其软件,2018-5-18,2018-5-18
博汇纸业,2018-1-30,2018-3-20
明泰铝业,2018-4-11,2018-4-11
启明信息,2018-3-27,2017-8-23
山东墨龙,2018-12-14,2018-12-14
维力医疗,2018-3-15,2018-3-15
游族网络,2018-12-20,2018-12-20
汇源通信,2016-5-19,2018-2-27
博威合金,2018-1-8,2018-3-9
中利集团,2017-11-09,2017-5-23
永太科技,2019-2-13,2019-2-13
中信建投,2019-1-22,2019-1-22
北京银行,2018-3-15,2018-3-15
九芝堂,2017-7-28,2017-7-28
云赛智联,2017-4-18,2017-4-18
光正集团,2018-4-2,2018-4-2
崇达技术,2018-3-30,2017-9-22
汉威科技,2017-11-29,2017-11-29
凯利泰,2018-6-5,2018-6-5
中国铁建,2017-11-03,2018-5-17
辰安科技,2017-10-20,2017-10-20
天邑股份,2018-5-18,2018-5-18
特锐德,2018-5-7,2017-11-09
ST河化,2017-4-20,2018-6-8
中信银行,2018-3-27,2018-12-14
北方股份,2018-1-11,2018-1-11
博瑞传播,2018-3-6,2016-4-07
聚龙股份,2017-10-10,2017-10-10
日海智能,2019-2-1,2019-2-1
中国天楹,2017-8-29,2017-6-05
福星股份,2017-11-03,2017-11-03
新天然气,2018-6-29,2018-5-29
成都银行,2019-1-10,2019-1-10
华邦健康,2017-6-01,2017-7-06
哈工智能,2017-12-13,2017-12-13
易事特,2018-3-15,2017-10-10
中远海科,2017-12-19,2017-7-11
尚纬股份,2018-12-20,2018-12-20
药石科技,2017-12-12,2018-1-16
银龙股份,2018-3-21,2018-3-21
白云机场,2017-10-10,2017-9-20
胜利股份,2017-10-12,2019-2-13
锐科激光,2019-1-22,2019-1-22
恩华药业,2017-5-24,2017-5-24
卫星石化,2018-3-13,2018-4-9
鸿路钢构,2018-5-18,2018-3-14
北讯集团,2018-6-1,2017-10-17
招商公路,2018-5-16,2018-5-16
帝欧家居,2019-2-14,2019-2-14
冀中能源,2017-10-13,2017-10-13
中化岩土,2018-1-10,2018-1-10
中国国旅,2018-12-13,2018-4-28
九牧王,2018-4-25,2018-4-25
金龙羽,2017-12-13,2017-12-13
*ST柳化,2017-9-21,2017-9-21
圆通速递,2018-6-7,2018-6-7
梦百合,2017-11-08,2017-6-22
星云股份,2018-12-13,2018-12-13
国际医学,2018-4-17,2018-4-17
合兴包装,2018-6-5,2018-6-5
八菱科技,2018-6-6,2017-5-23
凯普生物,2018-6-29,2017-11-23
云南白药,2018-4-12,2017-4-20
新坐标,2018-4-12,2018-4-12
泰瑞机器,2017-11-29,2018-4-10
上海电气,2018-12-14,2018-6-7
正泰电器,2018-12-10,2018-12-10
视觉中国,2018-4-20,2018-4-20
梦网集团,2018-3-7,2017-12-14
国科微,2018-6-5,2018-5-23
宁波海运,2018-3-27,2017-8-29
华泰证券,2019-1-10,2017-7-11
南方航空,2017-6-27,2017-4-27
苏泊尔,2017-8-31,2017-8-31
南方汇通,2018-4-25,2018-4-25
多伦科技,2017-12-13,2017-12-13
康旗股份,2018-5-4,2018-5-4
传艺科技,2018-3-13,2018-3-13
理邦仪器,2019-1-23,2019-1-23
读者传媒,2016-5-26,2016-5-26
特发信息,2017-11-29,2017-11-29
金浦钛业,2017-10-11,2017-10-11
天虹股份,2018-3-15,2018-3-15
中信海直,2018-6-6,2018-6-6
宗申动力,2017-11-22,2018-5-31
鸿特科技,2019-1-8,2019-1-18
悦达投资,2017-12-14,2017-12-14
海航基础,2018-3-13,2016-5-18
西藏珠峰,2017-7-26,2017-7-26
雪迪龙,2018-5-7,2018-5-7
美格智能,2018-4-27,2018-4-27
方大特钢,2018-3-29,2018-2-24
*ST南风,2018-5-11,2018-5-11
太龙照明,2018-3-6,2018-3-6
兴源环境,2018-6-1,2017-12-6
国美通讯,2017-9-07,2017-9-07
武汉控股,2016-3-22,2016-3-22
海航创新,2018-3-8,2018-3-8
华润三九,2017-9-14,2017-9-14
华西能源,2017-11-24,2017-10-12
上海电力,2019-1-23,2017-9-22
丹化科技,2018-6-1,2018-6-1
吉视传媒,2016-5-18,2016-5-18
文科园林,2017-12-21,2017-12-21
北汽蓝谷,2018-12-13,2018-12-13
嘉欣丝绸,2018-5-16,2017-11-30
远达环保,2017-12-19,2017-12-19
南威软件,2017-9-20,2018-3-6
鞍重股份,2018-3-21,2018-3-21
赛腾股份,2018-6-1,2018-6-1
光大银行,2016-3-30,2018-12-14
中环环保,2018-3-30,2017-9-13
赛轮轮胎,2019-1-22,2018-12-13
威华股份,2017-9-22,2017-8-14
九洲药业,2018-1-22,2018-1-22
捷捷微电,2018-4-12,2018-4-12
常熟银行,2017-12-21,2017-12-21
我爱我家,2018-6-29,2018-6-29
华谊集团,2018-2-27,2018-2-27
鹏辉能源,2016-4-13,2016-4-13
洪涛股份,2018-3-2,2018-3-2
凯盛科技,2017-12-12,2018-12-20
皖新传媒,2017-5-03,2017-5-03
天茂集团,2017-9-12,2018-1-8
东方电子,2018-5-3,2018-5-3
江苏国信,2017-4-18,2018-2-28
中科信息,2018-4-25,2018-4-25
巨人网络,2019-1-30,2019-1-30
富满电子,2018-4-17,2018-4-17
好想你,2017-6-06,2017-6-06
珠江啤酒,2018-3-27,2018-3-27
云南城投,2017-11-30,2017-11-30
启迪桑德,2018-1-30,2017-10-16
模塑科技,2017-6-28,2017-12-21
中洲控股,2018-5-15,2018-5-15
金财互联,2017-8-17,2017-8-17
力帆股份,2017-12-15,2017-12-15
东吴证券,2017-7-11,2017-9-07
苏博特,2018-1-11,2018-1-11
科陆电子,2017-6-06,2018-5-30
海正药业,2017-11-13,2018-12-13
天舟文化,2016-3-24,2016-3-24
*ST新能,2019-2-13,2019-2-13
索菲亚,2019-2-1,2019-2-1
恒生电子,2018-3-27,2018-3-27
城投控股,2017-6-16,2017-6-16
冠昊生物,2018-7-18,2016-3-29
恒丰纸业,2017-12-21,2017-8-24
光迅科技,2019-1-23,2017-11-24
联得装备,2017-10-12,2018-3-9
华仁药业,2017-6-20,2016-3-25
御家汇,2018-3-23,2018-3-23
太原重工,2018-4-26,2018-4-26
山东矿机,2018-4-17,2018-4-17
东旭蓝天,2018-2-23,2018-1-31
陕国投A,2017-11-08,2018-5-31
中海达,2018-5-24,2017-7-26
中国电建,2018-4-25,2018-5-10
常山北明,2018-1-10,2018-1-10
鲁北化工,2018-4-11,2017-8-17
盘龙药业,2017-11-30,2017-11-30
盈峰环境,2018-5-18,2018-7-18
青山纸业,2017-7-12,2017-7-12
精功科技,2018-3-30,2018-3-30
海航控股,2018-12-13,2017-12-14
中润资源,2018-5-25,2018-2-27
长久物流,2017-12-6,2018-4-18
长春燃气,2016-4-11,2016-4-11
创意信息,2019-1-22,2018-3-7
金溢科技,2018-3-7,2018-3-7
老板电器,2018-4-10,2018-4-10
福斯特,2018-3-16,2018-3-16
捷顺科技,2018-1-31,2016-3-30
酒钢宏兴,2019-1-22,2019-1-22
中航沈飞,2017-12-13,2017-12-13
瑞尔特,2018-3-13,2018-3-13
亿帆医药,2018-5-16,2018-5-16
*ST椰岛,2019-1-30,2019-1-30
天坛生物,2017-10-11,2017-12-14
大业股份,2018-12-14,2018-12-14
长高集团,2019-2-14,2018-7-18
恒立液压,2018-4-17,2018-4-17
深圳机场,2016-3-25,2016-3-25
生物股份,2018-3-15,2018-3-15
中煤能源,2017-11-17,2018-3-21
豫园股份,2018-2-1,2018-2-1
宝鹰股份,2017-7-20,2017-7-20
神州高铁,2018-5-18,2018-5-18
吉翔股份,2018-6-6,2018-6-6
现代制药,2017-12-12,2017-12-12
小天鹅A,2018-3-13,2018-4-25
海联金汇,2017-11-17,2018-4-9
翰宇药业,2019-1-8,2019-1-8
再融资,2018-5-30,2018-5-30
中曼石油,2018-4-9,2018-6-8
方正电机,2017-5-05,2017-5-05
新联电子,2018-6-8,2017-6-01
千方科技,2017-11-08,2017-11-08
财通证券,2018-1-31,2018-1-31
雄帝科技,2018-5-24,2018-5-24
重庆港九,2018-1-30,2018-1-30
花王股份,2018-6-29,2018-2-1
宝新能源,2018-4-12,2018-5-4
葵花药业,2018-3-16,2017-7-13
辅仁药业,2018-4-9,2018-4-9
三花智控,2017-10-13,2018-1-8
创业软件,2017-11-30,2019-1-30
安泰科技,2017-12-6,2017-12-6
云天化,2019-1-23,2017-10-13
海格通信,2016-5-18,2019-1-17
正邦科技,2017-11-13,2017-11-13
柳工,2018-4-28,2017-7-27
兴业科技,2019-1-10,2019-1-10
佩蒂股份,2018-4-9,2018-4-11
神开股份,2018-2-24,2018-2-24
安井食品,2018-7-16,2018-7-16
华帝股份,2017-11-29,2017-11-29
德生科技,2017-11-03,2017-11-03
东方银星,2017-6-01,2017-6-01
艾艾精工,2017-11-29,2017-11-29
瀚叶股份,2019-1-10,2019-1-10
新兴铸管,2018-1-31,2018-7-18
久远银海,2017-8-24,2017-8-17
杭州园林,2017-11-08,2017-11-08
海南瑞泽,2018-1-10,2018-2-24
三木集团,2018-6-7,2018-5-25
中金环境,2017-10-16,2018-4-26
国投资本,2019-1-10,2019-1-10
文化长城,2017-9-21,2018-12-10
百川能源,2017-9-06,2018-1-11
金固股份,2018-12-20,2018-12-20
数码科技,2019-1-22,2019-1-22
中远海特,2018-3-14,2018-3-14
上海钢联,2017-12-15,2019-1-10
小商品城,2017-12-13,2017-7-26
杰恩设计,2018-1-16,2018-1-16
电连技术,2018-3-15,2018-3-27
广东榕泰,2017-11-24,2019-1-18
岷江水电,2019-1-10,2019-1-10
吉林化纤,2018-2-27,2017-9-15
白银有色,2018-5-11,2018-5-11
蒙娜丽莎,2018-4-20,2018-4-20
东方海洋,2017-5-12,2018-2-13
北方国际,2017-11-29,2017-11-29
辰欣药业,2018-4-11,2018-4-11
川大智胜,2019-1-10,2018-2-13
清源股份,2017-9-12,2017-9-12
长城动漫,2017-12-15,2018-2-24
通源石油,2017-12-21,2018-5-22
天宝食品,2017-12-6,2017-12-6
万集科技,2018-3-21,2018-3-21
京投发展,2018-3-21,2018-3-21
置信电气,2017-10-20,2017-10-20
长白山,2018-5-30,2018-5-30
广哈通信,2019-1-17,2019-1-17
羚锐制药,2019-2-1,2019-2-1
华伍股份,2018-12-13,2018-2-13
宏达矿业,2017-5-12,2017-11-22
旭升股份,2017-11-24,2017-11-24
苏宁易购,2018-1-15,2018-3-9
延长化建,2017-12-15,2018-4-17
吉宏股份,2018-4-9,2018-4-9
宁波韵升,2018-4-17,2018-4-17
威孚高科,2018-4-17,2018-3-28
农业银行,2018-4-18,2018-3-13
圣农发展,2018-4-24,2018-4-24
海航投资,2019-1-11,2018-2-23
先达股份,2019-1-17,2019-1-17
双鹭药业,2018-5-25,2018-5-25
海印股份,2017-6-02,2017-6-02
维尔利,2018-3-23,2018-6-7
海思科,2018-5-7,2018-5-7
北部湾港,2018-12-14,2018-12-14
世纪鼎利,2017-5-25,2016-4-01
大丰实业,2017-11-08,2017-11-03
伊力特,2017-8-24,2017-5-12
风语筑,2018-4-10,2018-3-22
华自科技,2018-3-23,2018-3-23
汉缆股份,2018-7-18,2018-7-18
苏美达,2018-4-25,2018-4-25
北京城建,2017-5-26,2017-5-26
克明面业,2018-6-29,2018-3-28
威海广泰,2017-10-10,2017-10-10
伟隆股份,2018-4-25,2018-4-25
新华医疗,2019-1-10,2019-1-10
兴化股份,2019-2-14,2019-2-14
现代投资,2018-1-10,2017-8-23
苏州高新,2018-6-8,2018-3-22
淳中科技,2018-6-29,2018-6-29
江南嘉捷,2017-11-30,2017-11-30
首旅酒店,2018-5-29,2018-4-18
玉龙股份,2018-3-23,2018-3-23
津劝业,2017-6-15,2017-6-15
吉药控股,2019-1-7,2019-1-7
酒鬼酒,2018-3-9,2017-8-14
铁流股份,2018-3-8,2018-3-8
国电南瑞,2017-8-18,2017-8-18
索通发展,2018-3-20,2018-3-20
广发证券,2019-1-10,2018-3-7
深天马A,2017-4-25,2017-10-12
山煤国际,2018-6-5,2018-6-5
华塑控股,2018-5-31,2018-5-31
申能股份,2017-12-12,2018-5-4
新通联,2016-4-11,2016-4-11
浦东建设,2018-3-8,2018-3-9
北纬科技,2018-6-29,2018-6-29
信维通信,2018-3-27,2018-3-6
本钢板材,2018-1-31,2018-6-1
精工钢构,2018-12-13,2018-12-13
拓普集团,2017-10-20,2016-4-12
浙江医药,2018-3-13,2018-3-13
欧派家居,2018-4-20,2018-4-20
新华文轩,2017-9-20,2017-9-20
利亚德,2017-6-15,2017-11-30
纵横通信,2019-1-17,2019-1-17
海特生物,2018-5-10,2018-5-10
重庆建工,2018-4-3,2018-5-15
永安林业,2018-3-15,2018-2-26
中色股份,2017-8-23,2017-8-23
中京电子,2017-5-26,2017-5-26
天康生物,2018-3-27,2017-12-6
仙鹤股份,2018-5-24,2018-5-24
物产中大,2017-6-02,2017-6-02
中交地产,2018-4-12,2018-4-12
胜利精密,2017-10-12,2017-10-12
建设银行,2018-4-27,2018-4-27
盈趣科技,2018-12-13,2018-12-13
江丰电子,2017-11-23,2017-11-23
横店影视,2018-4-17,2018-4-17
中青宝,2018-3-21,2018-3-21
沙钢股份,2018-3-20,2018-3-20
东湖高新,2018-6-6,2018-6-6
隆华科技,2018-12-20,2018-12-20
科力尔,2017-9-01,2017-9-01
农产品,2018-4-11,2018-4-11
青松股份,2017-11-30,2017-5-12
全新好,2018-3-9,2018-2-28
中信重工,2018-12-13,2018-12-13
安图生物,2017-8-03,2018-3-28
东睦股份,2017-8-25,2017-8-25
广宇发展,2017-10-11,2017-10-11
包钢股份,2018-4-20,2018-4-20
鹏鼎控股,2019-1-10,2019-1-10
金明精机,2018-4-20,2018-4-20
上海能源,2017-8-24,2017-8-24
集泰股份,2018-12-13,2018-12-13
岱美股份,2018-2-28,2018-2-28
智能自控,2018-3-8,2018-3-8
凯伦股份,2018-3-13,2018-3-13
闽发铝业,2018-2-26,2018-2-26
益丰药房,2018-3-26,2018-3-26
双一科技,2018-3-20,2018-3-20
海伦钢琴,2016-5-24,2016-5-24
江苏有线,2017-7-11,2017-7-11
*ST正源,2019-2-13,2019-2-13
劲胜智能,2019-1-7,2019-1-7
隆盛科技,2017-11-17,2017-11-03
中国银行,2018-3-30,2018-3-30
建科院,2017-9-28,2017-9-28
红豆股份,2017-9-04,2018-4-9
万年青,2018-4-27,2018-3-30
天地源,2017-8-24,2017-8-02
山河智能,2018-12-20,2018-12-20
金冠股份,2018-12-12,2018-12-12
深赛格,2016-3-24,2016-3-24
大康农业,2017-12-21,2017-9-14
吴江银行,2019-1-17,2019-1-17
艾德生物,2018-4-3,2018-4-3
恒力股份,2018-12-13,2017-6-16
华脉科技,2017-8-25,2018-3-6
安道麦A,2019-1-10,2019-1-10
浙江广厦,2018-6-5,2018-6-5
天铁股份,2018-5-3,2018-5-3
钱江水利,2018-4-13,2018-4-13
中顺洁柔,2018-4-17,2018-4-17
新世界,2017-7-18,2017-7-18
司尔特,2017-11-22,2017-11-22
四川长虹,2018-6-8,2018-6-8
乐普医疗,2019-1-23,2018-12-12
金钼股份,2017-8-29,2018-2-23
和而泰,2018-5-31,2019-1-8
ST嘉陵,2017-11-29,2018-3-26
上海贝岭,2017-5-19,2019-2-14
同益股份,2018-4-3,2018-4-3
奥联电子,2017-10-20,2017-10-20
阳光电源,2016-3-24,2016-3-24
山东海化,2017-8-04,2017-7-07
金鹰股份,2018-1-18,2018-1-18
大冶特钢,2018-3-8,2018-3-8
中捷资源,2017-11-20,2017-11-20
一心堂,2018-4-19,2018-4-19
科森科技,2018-2-13,2018-2-13
长城汽车,2018-4-25,2018-7-18
凯中精密,2017-7-19,2017-7-19
鹏鹞环保,2018-3-27,2018-3-27
浙富控股,2018-2-27,2018-1-8
铭普光磁,2017-10-20,2017-10-20
中集集团,2018-1-30,2017-9-14
悦心健康,2018-1-18,2018-1-18
美晨生态,2018-1-31,2018-2-27
深圳能源,2017-11-30,2018-4-11
索菱股份,2017-9-06,2017-9-06
我乐家居,2018-4-18,2018-4-18
兰太实业,2018-1-30,2018-1-30
珠海中富,2018-12-13,2018-12-13
哈三联,2018-4-4,2018-4-4
南卫股份,2018-1-11,2018-1-11
金桥信息,2017-6-06,2017-6-06
晋亿实业,2018-1-31,2018-1-31
文一科技,2017-12-14,2017-12-14
浙大网新,2017-12-13,2017-12-13
太化股份,2017-9-20,2017-9-20
金鸿控股,2018-2-24,2018-2-24
*ST宜化,2018-5-7,2018-5-7
国发股份,2017-5-03,2017-5-03
绿地控股,2017-10-12,2017-10-12
光威复材,2017-10-11,2017-10-11
华创阳安,2019-1-9,2019-1-9
上海机电,2016-3-30,2018-3-29
太龙药业,2019-2-1,2019-2-1
科达洁能,2017-9-21,2017-9-22
长缆科技,2018-3-15,2018-3-15
博深工具,2018-5-18,2018-5-18
金牌厨柜,2018-1-10,2018-1-10
海泰发展,2017-12-6,2017-12-6
上海医药,2017-8-29,2017-8-29
*ST东凌,2019-1-23,2019-1-23
广电网络,2016-3-24,2016-3-24
天房发展,2017-10-12,2017-10-12
晨光生物,2018-12-13,2018-12-13
兆丰股份,2018-4-20,2018-4-20
外运发展,2018-5-24,2018-5-24
国机汽车,2018-4-4,2018-4-4
惠威科技,2018-3-30,2018-3-30
佳士科技,2018-12-20,2018-12-20
柯利达,2018-3-15,2017-8-16
水星家纺,2018-4-11,2018-4-11
晨曦航空,2018-4-25,2018-4-25
华铭智能,2017-6-30,2017-10-17
胜宏科技,2017-12-19,2017-12-19
香雪制药,2017-12-14,2017-12-14
云南旅游,2018-1-16,2018-1-16
天目湖,2018-4-27,2018-4-27
设研院,2018-5-29,2018-3-14
航天彩虹,2018-12-13,2018-12-13
绿茵生态,2018-4-3,2018-4-3
赣粤高速,2017-11-03,2017-11-03
金禾实业,2018-2-28,2018-2-28
圣达生物,2017-12-19,2017-12-19
ST锐电,2017-7-25,2018-4-11
金徽酒,2017-11-20,2017-11-20
南京港,2017-8-24,2017-8-24
鲁亿通,2018-4-10,2018-4-10
攀钢钒钛,2019-1-22,2019-1-22
彩虹股份,2016-4-13,2016-4-13
中国宝安,2017-5-24,2017-5-24
桂发祥,2017-11-17,2017-11-17
*ST油服,2018-4-26,2018-12-14
奇精机械,2018-3-13,2018-3-13
中新科技,2017-12-19,2017-12-19
和邦生物,2016-5-26,2016-5-26
凤凰股份,2018-3-15,2018-3-15
美联新材,2018-7-18,2018-7-18
韦尔股份,2018-5-15,2018-5-15
隆鑫通用,2017-11-09,2017-11-09
派思股份,2018-4-28,2018-4-28
佳沃股份,2018-2-1,2018-2-1
亚邦股份,2018-6-29,2018-6-29
*ST狮头,2018-5-8,2018-4-28
内蒙华电,2017-8-01,2018-4-17
冠农股份,2017-8-17,2017-8-17
三联虹普,2018-5-25,2017-5-12
张裕A,2017-5-26,2017-5-26
华闻传媒,2018-4-2,2018-7-16
潍柴动力,2018-3-29,2018-4-28
新天科技,2016-5-20,2016-5-20
汇金科技,2018-3-2,2017-6-02
共进股份,2018-3-28,2018-3-28
东方中科,2018-5-22,2018-5-22
雅化集团,2017-9-11,2017-9-11
ST仰帆,2018-1-11,2018-1-11
嘉寓股份,2017-8-09,2017-11-24
陕西煤业,2018-3-30,2018-3-30
兖州煤业,2018-1-30,2018-1-30
汇通能源,2018-12-13,2018-12-13
荣安地产,2016-4-01,2016-4-01
飞鹿股份,2018-4-11,2018-4-11
鹏欣资源,2017-4-20,2017-6-28
光力科技,2016-3-31,2016-3-31
智动力,2018-12-13,2018-12-13
宁波银行,2017-8-18,2017-8-18
中欣氟材,2017-12-19,2017-12-19
华孚时尚,2018-4-26,2018-4-26
国检集团,2017-11-29,2017-11-29
航天晨光,2017-11-22,2017-11-22
兴瑞科技,2019-1-22,2019-1-22
鸿达兴业,2016-4-14,2016-4-14
南山控股,2018-5-7,2016-5-24
老凤祥,2018-4-28,2018-4-28
豫光金铅,2016-4-01,2016-4-01
赛隆药业,2018-3-30,2018-5-18
航发动力,2017-9-21,2017-9-21
合纵科技,2017-6-23,2017-4-28
中孚信息,2018-4-24,2018-4-24
达志科技,2018-3-28,2018-3-28
江苏雷利,2018-4-10,2018-4-10
福晶科技,2018-2-1,2018-2-1
利源精制,2018-2-24,2018-2-24
艾迪精密,2018-4-20,2018-4-20
康跃科技,2018-4-10,2018-4-10
西藏药业,2018-3-16,2018-3-16
古井贡酒,2019-1-30,2019-1-30
湖南发展,2018-2-1,2018-2-1
创元科技,2018-7-18,2018-7-18
莫高股份,2017-7-20,2017-7-20
佳力图,2018-4-3,2018-4-3
达安基因,2018-3-15,2018-3-15
*ST宝鼎,2019-2-1,2019-2-1
市北高新,2017-6-02,2017-6-02
中设股份,2018-4-25,2018-4-25
广汇汽车,2018-5-15,2018-5-15
钱江生化,2018-5-3,2018-5-3
*ST河化,2018-6-7,2018-6-7
华谊兄弟,2018-4-26,2016-3-24
深圳新星,2018-3-27,2018-3-27
拓日新能,2018-4-19,2018-4-19
宜昌交运,2017-10-20,2017-10-20
华信新材,2018-3-28,2018-3-28
华胜天成,2017-7-19,2017-10-12
创业黑马,2017-11-08,2017-11-08
科顺股份,2018-12-13,2018-12-13
恒逸石化,2018-3-15,2018-4-4
永创智能,2018-2-28,2018-2-28
华数传媒,2018-4-17,2018-4-17
通产丽星,2017-7-07,2017-7-07
东阿阿胶,2018-2-13,2018-2-13
福瑞股份,2018-5-8,2018-5-8
丰乐种业,2018-4-18,2018-4-18
国光股份,2018-3-28,2018-3-28
中材节能,2017-12-14,2017-12-14
大元泵业,2018-3-30,2018-3-30
卧龙地产,2018-4-27,2018-4-27
大同煤业,2016-5-26,2016-5-26
英科医疗,2017-12-13,2018-1-31
秦港股份,2018-3-30,2018-3-30
康盛股份,2017-6-16,2017-6-16
金山股份,2016-5-19,2016-5-19
路畅科技,2017-5-25,2017-5-25
上海洗霸,2017-12-12,2017-12-12
华能水电,2018-1-30,2018-1-30
ST山水,2017-12-13,2017-12-13
金杯汽车,2017-11-09,2017-11-09
百川股份,2018-5-18,2018-5-18
新开源,2018-2-24,2018-2-24
贝通信,2018-12-14,2018-12-14
新宙邦,2018-3-6,2018-3-6
神州泰岳,2017-11-03,2017-11-03
金石资源,2019-1-22,2019-1-22
中远海控,2017-10-11,2017-7-07
视源股份,2018-4-16,2018-4-16
东风汽车,2018-5-24,2018-5-24
新华锦,2017-5-26,2017-5-26
东软载波,2017-7-31,2017-7-31
*ST双环,2019-1-30,2019-1-30
常青股份,2018-4-3,2018-4-3
华扬联众,2018-4-17,2018-4-17
友邦吊顶,2018-2-1,2018-2-1
盛通股份,2018-1-8,2018-1-8
濮阳惠成,2018-1-10,2018-1-10
多氟多,2017-6-23,2017-6-23
中亚股份,2018-4-10,2018-4-10
珠江实业,2016-5-20,2016-5-20
柘中股份,2017-9-21,2017-9-21
中国长城,2018-12-14,2018-12-14
广泽股份,2017-12-12,2017-12-12
美凯龙,2018-4-4,2018-4-4
深大通,2018-2-27,2018-2-27
得邦照明,2017-12-15,2017-12-15
超频三,2018-5-21,2018-5-21
科锐国际,2018-5-17,2018-5-17
维业股份,2018-3-6,2018-3-6
英唐智控,2016-3-23,2016-3-23
禾丰牧业,2017-10-18,2017-10-18
大烨智能,2018-4-3,2018-4-3
